,disYear,disMonth,disDate,disDay,cityCode,citySidoName,citySggName,disQuantity,disQuantityRate,disCount,disCountRate
0,2018,04,01,1,W01,서울특별시,종로구,2865250,3.87,1737,3.56
1,2018,04,02,2,W01,서울특별시,종로구,2936050,3.96,1838,3.77
2,2018,04,03,3,W01,서울특별시,종로구,2611200,3.52,1747,3.58
3,2018,04,04,4,W01,서울특별시,종로구,2428800,3.28,1656,3.4
4,2018,04,05,5,W01,서울특별시,종로구,1957500,2.64,1357,2.78
5,2018,04,06,6,W01,서울특별시,종로구,2221250,3.0,1523,3.12
6,2018,04,07,7,W01,서울특별시,종로구,2126500,2.87,1390,2.85
7,2018,04,08,1,W01,서울특별시,종로구,2516150,3.4,1575,3.23
8,2018,04,09,2,W01,서울특별시,종로구,3101800,4.19,1868,3.83
9,2018,04,10,3,W01,서울특별시,종로구,2459350,3.32,1590,3.26
0,2018,04,01,1,W02,서울특별시,중구,6409150,4.02,4573,3.85
1,2018,04,02,2,W02,서울특별시,중구,5715050,3.58,4230,3.56
2,2018,04,03,3,W02,서울특별시,중구,4895300,3.07,3838,3.23
3,2018,04,04,4,W02,서울특별시,중구,4929550,3.09,3853,3.24
4,2018,04,05,5,W02,서울특별시,중구,4004100,2.51,3072,2.59
5,2018,04,06,6,W02,서울특별시,중구,4967450,3.11,3657,3.08
6,2018,04,07,7,W02,서울특별시,중구,5087450,3.19,3558,2.99
7,2018,04,08,1,W02,서울특별시,중구,6414350,4.02,4432,3.73
8,2018,04,09,2,W02,서울특별시,중구,6187000,3.88,4444,3.74
9,2018,04,10,3,W02,서울특별시,중구,4449300,2.79,3401,2.86
0,2018,04,01,1,W03,서울특별시,용산구,224900,4.36,172,4.08
1,2018,04,02,2,W03,서울특별시,용산구,177900,3.45,165,3.91
2,2018,04,03,3,W03,서울특별시,용산구,152900,2.97,140,3.32
3,2018,04,04,4,W03,서울특별시,용산구,203400,3.95,149,3.53
4,2018,04,05,5,W03,서울특별시,용산구,122150,2.37,112,2.66
5,2018,04,06,6,W03,서울특별시,용산구,171250,3.32,140,3.32
6,2018,04,07,7,W03,서울특별시,용산구,141600,2.75,122,2.89
7,2018,04,08,1,W03,서울특별시,용산구,160900,3.12,125,2.96
8,2018,04,09,2,W03,서울특별시,용산구,203050,3.94,163,3.86
9,2018,04,10,3,W03,서울특별시,용산구,159300,3.09,144,3.41
0,2018,04,01,1,W04,서울특별시,성동구,14336850,4.41,9623,4.13
1,2018,04,02,2,W04,서울특별시,성동구,12112200,3.73,8488,3.64
2,2018,04,03,3,W04,서울특별시,성동구,10069400,3.1,7493,3.21
3,2018,04,04,4,W04,서울특별시,성동구,10309500,3.17,7820,3.36
4,2018,04,05,5,W04,서울특별시,성동구,8188000,2.52,6161,2.64
5,2018,04,06,6,W04,서울특별시,성동구,9925650,3.05,7327,3.14
6,2018,04,07,7,W04,서울특별시,성동구,9505950,2.93,6626,2.84
7,2018,04,08,1,W04,서울특별시,성동구,12596600,3.88,8405,3.61
8,2018,04,09,2,W04,서울특별시,성동구,12767500,3.93,8593,3.69
9,2018,04,10,3,W04,서울특별시,성동구,9464700,2.91,6878,2.95
0,2018,04,01,1,W05,서울특별시,광진구,6373550,4.0,3911,3.67
1,2018,04,02,2,W05,서울특별시,광진구,6349400,3.99,4151,3.9
2,2018,04,03,3,W05,서울특별시,광진구,5190550,3.26,3621,3.4
3,2018,04,04,4,W05,서울특별시,광진구,4799550,3.01,3517,3.3
4,2018,04,05,5,W05,서울특별시,광진구,4134350,2.6,2768,2.6
5,2018,04,06,6,W05,서울특별시,광진구,4719300,2.96,3357,3.15
6,2018,04,07,7,W05,서울특별시,광진구,4668200,2.93,3004,2.82
7,2018,04,08,1,W05,서울특별시,광진구,5676200,3.57,3377,3.17
8,2018,04,09,2,W05,서울특별시,광진구,6667800,4.19,4211,3.95
9,2018,04,10,3,W05,서울특별시,광진구,4845950,3.04,3268,3.07
0,2018,04,01,1,W06,서울특별시,동대문구,5793450,4.83,3520,4.43
1,2018,04,02,2,W06,서울특별시,동대문구,4808050,4.01,3085,3.88
2,2018,04,03,3,W06,서울특별시,동대문구,4057300,3.38,2793,3.51
3,2018,04,04,4,W06,서울특별시,동대문구,4421500,3.69,3027,3.81
4,2018,04,05,5,W06,서울특별시,동대문구,3020250,2.52,2052,2.58
5,2018,04,06,6,W06,서울특별시,동대문구,4096450,3.42,2661,3.35
6,2018,04,07,7,W06,서울특별시,동대문구,3825600,3.19,2431,3.06
7,2018,04,08,1,W06,서울특별시,동대문구,4841350,4.04,3041,3.82
8,2018,04,09,2,W06,서울특별시,동대문구,4849400,4.05,3011,3.79
9,2018,04,10,3,W06,서울특별시,동대문구,3870650,3.23,2567,3.23
0,2018,04,01,1,W07,서울특별시,중랑구,17730750,4.21,11057,3.95
1,2018,04,02,2,W07,서울특별시,중랑구,16479650,3.91,10426,3.73
2,2018,04,03,3,W07,서울특별시,중랑구,14042050,3.33,9571,3.42
3,2018,04,04,4,W07,서울특별시,중랑구,13314600,3.16,9221,3.3
4,2018,04,05,5,W07,서울특별시,중랑구,10659550,2.53,7286,2.61
5,2018,04,06,6,W07,서울특별시,중랑구,12474600,2.96,8717,3.12
6,2018,04,07,7,W07,서울특별시,중랑구,13033300,3.09,8251,2.95
7,2018,04,08,1,W07,서울특별시,중랑구,16087100,3.82,9680,3.46
8,2018,04,09,2,W07,서울특별시,중랑구,16170100,3.84,10296,3.68
9,2018,04,10,3,W07,서울특별시,중랑구,13042200,3.1,8688,3.11
0,2018,04,01,1,W08,서울특별시,성북구,7605100,4.18,4832,3.88
1,2018,04,02,2,W08,서울특별시,성북구,6737150,3.7,4528,3.63
2,2018,04,03,3,W08,서울특별시,성북구,6225250,3.42,4348,3.49
3,2018,04,04,4,W08,서울특별시,성북구,5795150,3.18,4261,3.42
4,2018,04,05,5,W08,서울특별시,성북구,4381900,2.41,3168,2.54
5,2018,04,06,6,W08,서울특별시,성북구,5434800,2.99,3878,3.11
6,2018,04,07,7,W08,서울특별시,성북구,5278650,2.9,3622,2.91
7,2018,04,08,1,W08,서울특별시,성북구,6909250,3.8,4219,3.38
8,2018,04,09,2,W08,서울특별시,성북구,6929700,3.81,4509,3.62
9,2018,04,10,3,W08,서울특별시,성북구,5637200,3.1,3862,3.1
0,2018,04,01,1,W0A,서울특별시,도봉구,22361500,1.38,15265,3.46
1,2018,04,02,2,W0A,서울특별시,도봉구,86963150,5.36,16985,3.85
2,2018,04,03,3,W0A,서울특별시,도봉구,72507150,4.47,15530,3.52
3,2018,04,04,4,W0A,서울특별시,도봉구,51350900,3.17,14547,3.3
4,2018,04,05,5,W0A,서울특별시,도봉구,42175350,2.6,11451,2.59
5,2018,04,06,6,W0A,서울특별시,도봉구,53373500,3.29,13958,3.16
6,2018,04,07,7,W0A,서울특별시,도봉구,54305900,3.35,13097,2.97
7,2018,04,08,1,W0A,서울특별시,도봉구,19890750,1.23,13344,3.02
8,2018,04,09,2,W0A,서울특별시,도봉구,81443450,5.02,16909,3.83
9,2018,04,10,3,W0A,서울특별시,도봉구,66627000,4.11,14082,3.19
0,2018,04,01,1,W0B,서울특별시,노원구,45592349,4.23,30769,3.82
1,2018,04,02,2,W0B,서울특별시,노원구,41166500,3.82,29848,3.7
2,2018,04,03,3,W0B,서울특별시,노원구,36438300,3.38,27987,3.47
3,2018,04,04,4,W0B,서울특별시,노원구,33489800,3.1,26246,3.26
4,2018,04,05,5,W0B,서울특별시,노원구,26672700,2.47,20832,2.59
5,2018,04,06,6,W0B,서울특별시,노원구,31957850,2.96,24885,3.09
6,2018,04,07,7,W0B,서울특별시,노원구,32397400,3.0,23552,2.92
7,2018,04,08,1,W0B,서울특별시,노원구,38674950,3.59,25860,3.21
8,2018,04,09,2,W0B,서울특별시,노원구,41820650,3.88,29448,3.65
9,2018,04,10,3,W0B,서울특별시,노원구,33235450,3.08,25530,3.17
0,2018,04,01,1,W0C,서울특별시,은평구,5813600,4.78,3545,4.41
1,2018,04,02,2,W0C,서울특별시,은평구,4545050,3.74,2931,3.65
2,2018,04,03,3,W0C,서울특별시,은평구,3809750,3.13,2582,3.21
3,2018,04,04,4,W0C,서울특별시,은평구,3425250,2.82,2478,3.08
4,2018,04,05,5,W0C,서울특별시,은평구,2978350,2.45,2045,2.54
5,2018,04,06,6,W0C,서울특별시,은평구,3630600,2.99,2456,3.06
6,2018,04,07,7,W0C,서울특별시,은평구,3554650,2.92,2260,2.81
7,2018,04,08,1,W0C,서울특별시,은평구,5260000,4.33,3209,3.99
8,2018,04,09,2,W0C,서울특별시,은평구,4719100,3.88,2978,3.71
9,2018,04,10,3,W0C,서울특별시,은평구,3405300,2.8,2304,2.87
0,2018,04,01,1,W0D,서울특별시,서대문구,19223850,4.38,12866,4.06
1,2018,04,02,2,W0D,서울특별시,서대문구,15503150,3.54,11044,3.48
2,2018,04,03,3,W0D,서울특별시,서대문구,14207050,3.24,10609,3.34
3,2018,04,04,4,W0D,서울특별시,서대문구,14505250,3.31,11225,3.54
4,2018,04,05,5,W0D,서울특별시,서대문구,11260550,2.57,8575,2.7
5,2018,04,06,6,W0D,서울특별시,서대문구,12670150,2.89,9412,2.97
6,2018,04,07,7,W0D,서울특별시,서대문구,13040400,2.97,9101,2.87
7,2018,04,08,1,W0D,서울특별시,서대문구,18086900,4.13,11864,3.74
8,2018,04,09,2,W0D,서울특별시,서대문구,16437650,3.75,11203,3.53
9,2018,04,10,3,W0D,서울특별시,서대문구,13040550,2.97,9600,3.03
0,2018,04,01,1,W0E,서울특별시,마포구,35564550,3.62,15756,4.08
1,2018,04,02,2,W0E,서울특별시,마포구,39072800,3.98,13581,3.52
2,2018,04,03,3,W0E,서울특별시,마포구,29863150,3.04,12795,3.32
3,2018,04,04,4,W0E,서울특별시,마포구,36555050,3.72,12819,3.32
4,2018,04,05,5,W0E,서울특별시,마포구,23621500,2.41,9934,2.57
5,2018,04,06,6,W0E,서울특별시,마포구,37021900,3.77,12050,3.12
6,2018,04,07,7,W0E,서울특별시,마포구,24181100,2.46,11195,2.9
7,2018,04,08,1,W0E,서울특별시,마포구,31127300,3.17,14393,3.73
8,2018,04,09,2,W0E,서울특별시,마포구,40085180,4.08,13928,3.61
9,2018,04,10,3,W0E,서울특별시,마포구,29191950,2.97,11791,3.06
0,2018,04,01,1,W0F,서울특별시,양천구,6162800,1.62,3926,3.77
1,2018,04,02,2,W0F,서울특별시,양천구,21485950,5.66,4002,3.84
2,2018,04,03,3,W0F,서울특별시,양천구,12497950,3.29,3710,3.56
3,2018,04,04,4,W0F,서울특별시,양천구,12172100,3.2,3186,3.06
4,2018,04,05,5,W0F,서울특별시,양천구,11865200,3.12,2909,2.79
5,2018,04,06,6,W0F,서울특별시,양천구,11219850,2.95,3378,3.24
6,2018,04,07,7,W0F,서울특별시,양천구,14303200,3.77,3193,3.07
7,2018,04,08,1,W0F,서울특별시,양천구,5440350,1.43,3424,3.29
8,2018,04,09,2,W0F,서울특별시,양천구,20874250,5.5,3999,3.84
9,2018,04,10,3,W0F,서울특별시,양천구,13018950,3.43,3349,3.22
0,2018,04,01,1,W0G,서울특별시,강서구,9643300,4.66,6011,4.42
1,2018,04,02,2,W0G,서울특별시,강서구,7033050,3.4,4627,3.4
2,2018,04,03,3,W0G,서울특별시,강서구,5964350,2.88,4122,3.03
3,2018,04,04,4,W0G,서울특별시,강서구,6649950,3.22,4531,3.33
4,2018,04,05,5,W0G,서울특별시,강서구,5581300,2.7,3796,2.79
5,2018,04,06,6,W0G,서울특별시,강서구,5932550,2.87,3959,2.91
6,2018,04,07,7,W0G,서울특별시,강서구,6185950,2.99,3987,2.93
7,2018,04,08,1,W0G,서울특별시,강서구,9520500,4.6,5792,4.26
8,2018,04,09,2,W0G,서울특별시,강서구,7387350,3.57,4692,3.45
9,2018,04,10,3,W0G,서울특별시,강서구,5391100,2.61,3632,2.67
0,2018,04,01,1,W0H,서울특별시,구로구,3708750,4.08,2373,3.87
1,2018,04,02,2,W0H,서울특별시,구로구,3554850,3.91,2265,3.69
2,2018,04,03,3,W0H,서울특별시,구로구,3054700,3.36,2114,3.45
3,2018,04,04,4,W0H,서울특별시,구로구,2911650,3.2,1993,3.25
4,2018,04,05,5,W0H,서울특별시,구로구,2190300,2.41,1575,2.57
5,2018,04,06,6,W0H,서울특별시,구로구,2626600,2.89,1837,3.0
6,2018,04,07,7,W0H,서울특별시,구로구,2720800,2.99,1804,2.94
7,2018,04,08,1,W0H,서울특별시,구로구,3467400,3.82,2108,3.44
8,2018,04,09,2,W0H,서울특별시,구로구,3534200,3.89,2311,3.77
9,2018,04,10,3,W0H,서울특별시,구로구,2741650,3.02,1896,3.09
0,2018,04,01,1,W0I,서울특별시,금천구,13372700,4.66,7985,4.28
1,2018,04,02,2,W0I,서울특별시,금천구,10665050,3.72,6801,3.64
2,2018,04,03,3,W0I,서울특별시,금천구,9276950,3.23,6311,3.38
3,2018,04,04,4,W0I,서울특별시,금천구,8570000,2.99,5877,3.15
4,2018,04,05,5,W0I,서울특별시,금천구,7305000,2.55,4919,2.63
5,2018,04,06,6,W0I,서울특별시,금천구,8718500,3.04,5785,3.1
6,2018,04,07,7,W0I,서울특별시,금천구,8726800,3.04,5488,2.94
7,2018,04,08,1,W0I,서울특별시,금천구,11703550,4.08,7027,3.76
8,2018,04,09,2,W0I,서울특별시,금천구,11051150,3.85,6937,3.71
9,2018,04,10,3,W0I,서울특별시,금천구,8314750,2.9,5536,2.96
0,2018,04,01,1,W0J,서울특별시,영등포구,32972550,4.3,20340,4.02
1,2018,04,02,2,W0J,서울특별시,영등포구,28971500,3.78,18753,3.7
2,2018,04,03,3,W0J,서울특별시,영등포구,25347550,3.31,17225,3.4
3,2018,04,04,4,W0J,서울특별시,영등포구,23973850,3.13,16736,3.3
4,2018,04,05,5,W0J,서울특별시,영등포구,19068200,2.49,13048,2.58
5,2018,04,06,6,W0J,서울특별시,영등포구,22782800,2.97,15569,3.07
6,2018,04,07,7,W0J,서울특별시,영등포구,23493900,3.07,14911,2.94
7,2018,04,08,1,W0J,서울특별시,영등포구,29638800,3.87,17863,3.53
8,2018,04,09,2,W0J,서울특별시,영등포구,30064900,3.92,18825,3.72
9,2018,04,10,3,W0J,서울특별시,영등포구,22435350,2.93,15111,2.98
0,2018,04,01,1,W0K,서울특별시,동작구,17170850,4.05,11729,3.8
1,2018,04,02,2,W0K,서울특별시,동작구,16544200,3.9,11552,3.74
2,2018,04,03,3,W0K,서울특별시,동작구,14476650,3.41,10734,3.48
3,2018,04,04,4,W0K,서울특별시,동작구,13904850,3.28,10790,3.49
4,2018,04,05,5,W0K,서울특별시,동작구,11044950,2.6,8264,2.68
5,2018,04,06,6,W0K,서울특별시,동작구,12486650,2.94,9550,3.09
6,2018,04,07,7,W0K,서울특별시,동작구,12784300,3.01,8930,2.89
7,2018,04,08,1,W0K,서울특별시,동작구,15789700,3.72,10435,3.38
8,2018,04,09,2,W0K,서울특별시,동작구,16600600,3.91,11369,3.68
9,2018,04,10,3,W0K,서울특별시,동작구,12927150,3.05,9539,3.09
0,2018,04,01,1,W0M,서울특별시,서초구,12763150,3.49,8372,3.45
1,2018,04,02,2,W0M,서울특별시,서초구,14117050,3.86,9086,3.74
2,2018,04,03,3,W0M,서울특별시,서초구,12134450,3.31,8327,3.43
3,2018,04,04,4,W0M,서울특별시,서초구,11267600,3.08,7937,3.27
4,2018,04,05,5,W0M,서울특별시,서초구,9742650,2.66,6724,2.77
5,2018,04,06,6,W0M,서울특별시,서초구,11239500,3.07,7656,3.16
6,2018,04,07,7,W0M,서울특별시,서초구,10180950,2.78,6651,2.74
7,2018,04,08,1,W0M,서울특별시,서초구,11354100,3.1,7007,2.89
8,2018,04,09,2,W0M,서울특별시,서초구,14366800,3.92,9194,3.79
9,2018,04,10,3,W0M,서울특별시,서초구,11257600,3.08,7570,3.12
0,2018,04,01,1,W0P,서울특별시,강동구,16955280,4.46,10345,4.19
1,2018,04,02,2,W0P,서울특별시,강동구,13958800,3.67,8710,3.53
2,2018,04,03,3,W0P,서울특별시,강동구,12188077,3.21,8009,3.24
3,2018,04,04,4,W0P,서울특별시,강동구,12776384,3.36,8902,3.6
4,2018,04,05,5,W0P,서울특별시,강동구,9383210,2.47,6476,2.62
5,2018,04,06,6,W0P,서울특별시,강동구,11163737,2.94,7418,3.0
6,2018,04,07,7,W0P,서울특별시,강동구,11483058,3.02,7031,2.85
7,2018,04,08,1,W0P,서울특별시,강동구,15439689,4.06,9216,3.73
8,2018,04,09,2,W0P,서울특별시,강동구,14343329,3.78,8776,3.55
9,2018,04,10,3,W0P,서울특별시,강동구,10720809,2.82,7136,2.89
0,2018,04,01,1,W0Q,부산광역시,중구,250050,3.49,186,3.25
1,2018,04,02,2,W0Q,부산광역시,중구,271900,3.79,200,3.49
2,2018,04,03,3,W0Q,부산광역시,중구,274400,3.83,217,3.79
3,2018,04,04,4,W0Q,부산광역시,중구,172850,2.41,145,2.53
4,2018,04,05,5,W0Q,부산광역시,중구,230150,3.21,171,2.98
5,2018,04,06,6,W0Q,부산광역시,중구,211600,2.95,165,2.88
6,2018,04,07,7,W0Q,부산광역시,중구,233650,3.26,183,3.19
7,2018,04,08,1,W0Q,부산광역시,중구,271450,3.79,201,3.51
8,2018,04,09,2,W0Q,부산광역시,중구,229650,3.2,186,3.25
9,2018,04,10,3,W0Q,부산광역시,중구,249750,3.48,209,3.65
0,2018,04,01,1,W0R,부산광역시,서구,2813950,3.65,1632,3.41
1,2018,04,02,2,W0R,부산광역시,서구,2875150,3.73,1714,3.58
2,2018,04,03,3,W0R,부산광역시,서구,2568200,3.33,1607,3.35
3,2018,04,04,4,W0R,부산광역시,서구,1886250,2.45,1258,2.63
4,2018,04,05,5,W0R,부산광역시,서구,2357050,3.06,1477,3.08
5,2018,04,06,6,W0R,부산광역시,서구,2157500,2.8,1393,2.91
6,2018,04,07,7,W0R,부산광역시,서구,2335000,3.03,1391,2.9
7,2018,04,08,1,W0R,부산광역시,서구,3064050,3.98,1707,3.56
8,2018,04,09,2,W0R,부산광역시,서구,2715600,3.52,1642,3.43
9,2018,04,10,3,W0R,부산광역시,서구,2531600,3.29,1597,3.33
0,2018,04,01,1,W0S,부산광역시,동구,2115350,4.17,1251,3.88
1,2018,04,02,2,W0S,부산광역시,동구,1865050,3.68,1133,3.52
2,2018,04,03,3,W0S,부산광역시,동구,1649850,3.25,1073,3.33
3,2018,04,04,4,W0S,부산광역시,동구,1385100,2.73,940,2.92
4,2018,04,05,5,W0S,부산광역시,동구,1686950,3.33,1057,3.28
5,2018,04,06,6,W0S,부산광역시,동구,1379500,2.72,907,2.82
6,2018,04,07,7,W0S,부산광역시,동구,1545500,3.05,983,3.05
7,2018,04,08,1,W0S,부산광역시,동구,2080450,4.1,1212,3.76
8,2018,04,09,2,W0S,부산광역시,동구,1731650,3.41,1145,3.56
9,2018,04,10,3,W0S,부산광역시,동구,1673800,3.3,1067,3.31
0,2018,04,01,1,W0T,부산광역시,영도구,5390700,3.75,3204,3.46
1,2018,04,02,2,W0T,부산광역시,영도구,5397650,3.76,3424,3.7
2,2018,04,03,3,W0T,부산광역시,영도구,5007700,3.49,3241,3.5
3,2018,04,04,4,W0T,부산광역시,영도구,3641550,2.54,2512,2.72
4,2018,04,05,5,W0T,부산광역시,영도구,4502450,3.14,3048,3.29
5,2018,04,06,6,W0T,부산광역시,영도구,4360700,3.04,2787,3.01
6,2018,04,07,7,W0T,부산광역시,영도구,4430400,3.09,2805,3.03
7,2018,04,08,1,W0T,부산광역시,영도구,5042550,3.51,2965,3.21
8,2018,04,09,2,W0T,부산광역시,영도구,5781550,4.03,3538,3.82
9,2018,04,10,3,W0T,부산광역시,영도구,4633550,3.23,3016,3.26
0,2018,04,01,1,W0U,부산광역시,부산진구,22412200,4.1,12437,3.74
1,2018,04,02,2,W0U,부산광역시,부산진구,20337350,3.72,12255,3.68
2,2018,04,03,3,W0U,부산광역시,부산진구,19623950,3.59,12094,3.63
3,2018,04,04,4,W0U,부산광역시,부산진구,14584400,2.67,9455,2.84
4,2018,04,05,5,W0U,부산광역시,부산진구,17311200,3.17,10911,3.28
5,2018,04,06,6,W0U,부산광역시,부산진구,14870000,2.72,9311,2.8
6,2018,04,07,7,W0U,부산광역시,부산진구,15679300,2.87,9405,2.82
7,2018,04,08,1,W0U,부산광역시,부산진구,21556600,3.95,11984,3.6
8,2018,04,09,2,W0U,부산광역시,부산진구,20647600,3.78,12088,3.63
9,2018,04,10,3,W0U,부산광역시,부산진구,17969900,3.29,11066,3.32
0,2018,04,01,1,W0V,부산광역시,동래구,17499400,4.28,9392,3.94
1,2018,04,02,2,W0V,부산광역시,동래구,16010500,3.91,9059,3.8
2,2018,04,03,3,W0V,부산광역시,동래구,13767050,3.37,8162,3.42
3,2018,04,04,4,W0V,부산광역시,동래구,11096900,2.71,6824,2.86
4,2018,04,05,5,W0V,부산광역시,동래구,12395600,3.03,7554,3.17
5,2018,04,06,6,W0V,부산광역시,동래구,11332750,2.77,6892,2.89
6,2018,04,07,7,W0V,부산광역시,동래구,10682600,2.61,6248,2.62
7,2018,04,08,1,W0V,부산광역시,동래구,17323300,4.23,9103,3.82
8,2018,04,09,2,W0V,부산광역시,동래구,16230600,3.97,8992,3.77
9,2018,04,10,3,W0V,부산광역시,동래구,12678600,3.1,7537,3.16
0,2018,04,01,1,W0W,부산광역시,남구,18922350,4.11,10722,3.78
1,2018,04,02,2,W0W,부산광역시,남구,16554400,3.59,10094,3.56
2,2018,04,03,3,W0W,부산광역시,남구,16327400,3.54,10233,3.61
3,2018,04,04,4,W0W,부산광역시,남구,11750950,2.55,7699,2.71
4,2018,04,05,5,W0W,부산광역시,남구,15458200,3.35,9655,3.4
5,2018,04,06,6,W0W,부산광역시,남구,13392100,2.91,8390,2.96
6,2018,04,07,7,W0W,부산광역시,남구,13473600,2.92,8256,2.91
7,2018,04,08,1,W0W,부산광역시,남구,18076450,3.92,10271,3.62
8,2018,04,09,2,W0W,부산광역시,남구,16864800,3.66,10014,3.53
9,2018,04,10,3,W0W,부산광역시,남구,15634500,3.39,9665,3.41
0,2018,04,01,1,W0X,부산광역시,북구,27235850,4.23,14516,3.97
1,2018,04,02,2,W0X,부산광역시,북구,23093950,3.59,12903,3.53
2,2018,04,03,3,W0X,부산광역시,북구,22231750,3.46,12893,3.52
3,2018,04,04,4,W0X,부산광역시,북구,16278550,2.53,9844,2.69
4,2018,04,05,5,W0X,부산광역시,북구,20775950,3.23,12066,3.3
5,2018,04,06,6,W0X,부산광역시,북구,17071550,2.65,9815,2.68
6,2018,04,07,7,W0X,부산광역시,북구,18502250,2.88,10365,2.83
7,2018,04,08,1,W0X,부산광역시,북구,27500250,4.27,14124,3.86
8,2018,04,09,2,W0X,부산광역시,북구,23117650,3.59,12748,3.48
9,2018,04,10,3,W0X,부산광역시,북구,21220900,3.3,12174,3.33
0,2018,04,01,1,W0Y,부산광역시,해운대구,39233950,3.92,22885,3.66
1,2018,04,02,2,W0Y,부산광역시,해운대구,37900850,3.79,23142,3.7
2,2018,04,03,3,W0Y,부산광역시,해운대구,34545650,3.45,22187,3.55
3,2018,04,04,4,W0Y,부산광역시,해운대구,25497500,2.55,16750,2.68
4,2018,04,05,5,W0Y,부산광역시,해운대구,31802550,3.18,20501,3.28
5,2018,04,06,6,W0Y,부산광역시,해운대구,28630150,2.86,18374,2.94
6,2018,04,07,7,W0Y,부산광역시,해운대구,29695700,2.97,18283,2.92
7,2018,04,08,1,W0Y,부산광역시,해운대구,38614350,3.86,21852,3.49
8,2018,04,09,2,W0Y,부산광역시,해운대구,37895000,3.79,22773,3.64
9,2018,04,10,3,W0Y,부산광역시,해운대구,32653600,3.26,20754,3.32
0,2018,04,01,1,W0Z,부산광역시,사하구,24881490,3.95,14218,3.64
1,2018,04,02,2,W0Z,부산광역시,사하구,24690420,3.91,14919,3.82
2,2018,04,03,3,W0Z,부산광역시,사하구,21631870,3.43,13761,3.52
3,2018,04,04,4,W0Z,부산광역시,사하구,16219290,2.57,10553,2.7
4,2018,04,05,5,W0Z,부산광역시,사하구,19633600,3.11,12548,3.21
5,2018,04,06,6,W0Z,부산광역시,사하구,17522570,2.78,11073,2.83
6,2018,04,07,7,W0Z,부산광역시,사하구,18995650,3.01,11592,2.97
7,2018,04,08,1,W0Z,부산광역시,사하구,24584920,3.9,13737,3.51
8,2018,04,09,2,W0Z,부산광역시,사하구,24291660,3.85,14555,3.72
9,2018,04,10,3,W0Z,부산광역시,사하구,19859690,3.15,12618,3.23
0,2018,04,01,1,W10,부산광역시,금정구,14551150,4.05,8630,3.78
1,2018,04,02,2,W10,부산광역시,금정구,13185000,3.67,8260,3.62
2,2018,04,03,3,W10,부산광역시,금정구,12277600,3.41,7892,3.46
3,2018,04,04,4,W10,부산광역시,금정구,9370200,2.61,6347,2.78
4,2018,04,05,5,W10,부산광역시,금정구,11584250,3.22,7535,3.3
5,2018,04,06,6,W10,부산광역시,금정구,10610000,2.95,6906,3.03
6,2018,04,07,7,W10,부산광역시,금정구,10685450,2.97,6562,2.87
7,2018,04,08,1,W10,부산광역시,금정구,14414600,4.01,8322,3.65
8,2018,04,09,2,W10,부산광역시,금정구,13701700,3.81,8433,3.69
9,2018,04,10,3,W10,부산광역시,금정구,11315700,3.15,7392,3.24
0,2018,04,01,1,W11,부산광역시,강서구,11772800,3.92,6741,3.76
1,2018,04,02,2,W11,부산광역시,강서구,11318100,3.76,6692,3.73
2,2018,04,03,3,W11,부산광역시,강서구,9860200,3.28,6039,3.37
3,2018,04,04,4,W11,부산광역시,강서구,7545050,2.51,4781,2.66
4,2018,04,05,5,W11,부산광역시,강서구,10028300,3.34,6111,3.41
5,2018,04,06,6,W11,부산광역시,강서구,9002500,2.99,5419,3.02
6,2018,04,07,7,W11,부산광역시,강서구,8509200,2.83,4921,2.74
7,2018,04,08,1,W11,부산광역시,강서구,11836400,3.94,6696,3.73
8,2018,04,09,2,W11,부산광역시,강서구,11840950,3.94,6653,3.71
9,2018,04,10,3,W11,부산광역시,강서구,9266250,3.08,5647,3.15
0,2018,04,01,1,W12,부산광역시,연제구,16136450,4.51,8781,4.08
1,2018,04,02,2,W12,부산광역시,연제구,13216250,3.69,7907,3.67
2,2018,04,03,3,W12,부산광역시,연제구,12317550,3.44,7683,3.57
3,2018,04,04,4,W12,부산광역시,연제구,9121300,2.55,5872,2.73
4,2018,04,05,5,W12,부산광역시,연제구,11665750,3.26,7256,3.37
5,2018,04,06,6,W12,부산광역시,연제구,9395750,2.63,5857,2.72
6,2018,04,07,7,W12,부산광역시,연제구,9942000,2.78,5874,2.73
7,2018,04,08,1,W12,부산광역시,연제구,15679250,4.38,8469,3.93
8,2018,04,09,2,W12,부산광역시,연제구,12628000,3.53,7556,3.51
9,2018,04,10,3,W12,부산광역시,연제구,11777350,3.29,7100,3.3
0,2018,04,01,1,W13,부산광역시,수영구,9808550,3.92,5953,3.66
1,2018,04,02,2,W13,부산광역시,수영구,9587750,3.83,6123,3.77
2,2018,04,03,3,W13,부산광역시,수영구,8323050,3.32,5530,3.4
3,2018,04,04,4,W13,부산광역시,수영구,6680300,2.67,4448,2.74
4,2018,04,05,5,W13,부산광역시,수영구,7950350,3.18,5250,3.23
5,2018,04,06,6,W13,부산광역시,수영구,7535450,3.01,4975,3.06
6,2018,04,07,7,W13,부산광역시,수영구,7515850,3.0,4799,2.95
7,2018,04,08,1,W13,부산광역시,수영구,9655500,3.86,5767,3.55
8,2018,04,09,2,W13,부산광역시,수영구,9451500,3.77,5927,3.65
9,2018,04,10,3,W13,부산광역시,수영구,7798800,3.11,5193,3.19
0,2018,04,01,1,W14,부산광역시,사상구,19130500,3.72,11596,3.42
1,2018,04,02,2,W14,부산광역시,사상구,20223900,3.93,12932,3.81
2,2018,04,03,3,W14,부산광역시,사상구,17941250,3.49,11966,3.53
3,2018,04,04,4,W14,부산광역시,사상구,14307550,2.78,9910,2.92
4,2018,04,05,5,W14,부산광역시,사상구,16330950,3.17,11032,3.25
5,2018,04,06,6,W14,부산광역시,사상구,15029150,2.92,9847,2.9
6,2018,04,07,7,W14,부산광역시,사상구,15234600,2.96,9770,2.88
7,2018,04,08,1,W14,부산광역시,사상구,18812450,3.66,11089,3.27
8,2018,04,09,2,W14,부산광역시,사상구,19915900,3.87,12624,3.72
9,2018,04,10,3,W14,부산광역시,사상구,15966700,3.1,10928,3.22
0,2018,04,01,1,W15,부산광역시,기장군,11898450,3.56,6816,3.42
1,2018,04,02,2,W15,부산광역시,기장군,13877450,4.16,7813,3.92
2,2018,04,03,3,W15,부산광역시,기장군,10718100,3.21,6558,3.29
3,2018,04,04,4,W15,부산광역시,기장군,9074400,2.72,5598,2.81
4,2018,04,05,5,W15,부산광역시,기장군,10377700,3.11,6506,3.27
5,2018,04,06,6,W15,부산광역시,기장군,10587450,3.17,6315,3.17
6,2018,04,07,7,W15,부산광역시,기장군,9438650,2.83,5631,2.83
7,2018,04,08,1,W15,부산광역시,기장군,12350600,3.7,6772,3.4
8,2018,04,09,2,W15,부산광역시,기장군,13490200,4.04,7553,3.79
9,2018,04,10,3,W15,부산광역시,기장군,10431650,3.12,6397,3.21
0,2018,04,01,1,W16,대구광역시,중구,4941100,3.81,3038,3.49
1,2018,04,02,2,W16,대구광역시,중구,4738500,3.65,3178,3.66
2,2018,04,03,3,W16,대구광역시,중구,4484200,3.46,3083,3.55
3,2018,04,04,4,W16,대구광역시,중구,3645650,2.81,2431,2.8
4,2018,04,05,5,W16,대구광역시,중구,3817700,2.94,2611,3.0
5,2018,04,06,6,W16,대구광역시,중구,4175800,3.22,2796,3.22
6,2018,04,07,7,W16,대구광역시,중구,3878650,2.99,2544,2.93
7,2018,04,08,1,W16,대구광역시,중구,4947100,3.81,2993,3.44
8,2018,04,09,2,W16,대구광역시,중구,4983350,3.84,3247,3.73
9,2018,04,10,3,W16,대구광역시,중구,4073600,3.14,2843,3.27
0,2018,04,01,1,W17,대구광역시,동구,5169100,3.79,2961,3.56
1,2018,04,02,2,W17,대구광역시,동구,5113500,3.75,3062,3.68
2,2018,04,03,3,W17,대구광역시,동구,4655600,3.41,2899,3.49
3,2018,04,04,4,W17,대구광역시,동구,3538800,2.59,2221,2.67
4,2018,04,05,5,W17,대구광역시,동구,3940450,2.89,2445,2.94
5,2018,04,06,6,W17,대구광역시,동구,4370150,3.2,2658,3.2
6,2018,04,07,7,W17,대구광역시,동구,4183250,3.07,2441,2.94
7,2018,04,08,1,W17,대구광역시,동구,5413650,3.97,2949,3.55
8,2018,04,09,2,W17,대구광역시,동구,5018050,3.68,2975,3.58
9,2018,04,10,3,W17,대구광역시,동구,4323900,3.17,2675,3.22
0,2018,04,01,1,W18,대구광역시,서구,2605950,3.81,1520,3.44
1,2018,04,02,2,W18,대구광역시,서구,2535550,3.7,1626,3.68
2,2018,04,03,3,W18,대구광역시,서구,2409450,3.52,1553,3.52
3,2018,04,04,4,W18,대구광역시,서구,1777300,2.6,1207,2.73
4,2018,04,05,5,W18,대구광역시,서구,1949400,2.85,1345,3.05
5,2018,04,06,6,W18,대구광역시,서구,2048950,2.99,1344,3.05
6,2018,04,07,7,W18,대구광역시,서구,2111400,3.08,1331,3.02
7,2018,04,08,1,W18,대구광역시,서구,2708400,3.95,1526,3.46
8,2018,04,09,2,W18,대구광역시,서구,2429550,3.55,1539,3.49
9,2018,04,10,3,W18,대구광역시,서구,2161600,3.16,1398,3.17
0,2018,04,01,1,W19,대구광역시,남구,4745800,3.71,2924,3.51
1,2018,04,02,2,W19,대구광역시,남구,4762950,3.73,3028,3.63
2,2018,04,03,3,W19,대구광역시,남구,4425500,3.46,2970,3.56
3,2018,04,04,4,W19,대구광역시,남구,3373050,2.64,2204,2.64
4,2018,04,05,5,W19,대구광역시,남구,3795900,2.97,2484,2.98
5,2018,04,06,6,W19,대구광역시,남구,3894800,3.05,2606,3.13
6,2018,04,07,7,W19,대구광역시,남구,3928650,3.07,2518,3.02
7,2018,04,08,1,W19,대구광역시,남구,4888850,3.83,2874,3.45
8,2018,04,09,2,W19,대구광역시,남구,4676850,3.66,2967,3.56
9,2018,04,10,3,W19,대구광역시,남구,3961450,3.1,2596,3.11
0,2018,04,01,1,W1A,대구광역시,북구,14656710,3.93,8139,3.66
1,2018,04,02,2,W1A,대구광역시,북구,14041960,3.76,8113,3.65
2,2018,04,03,3,W1A,대구광역시,북구,12224560,3.28,7584,3.41
3,2018,04,04,4,W1A,대구광역시,북구,9788020,2.62,6044,2.72
4,2018,04,05,5,W1A,대구광역시,북구,10558690,2.83,6543,2.94
5,2018,04,06,6,W1A,대구광역시,북구,11714850,3.14,7089,3.19
6,2018,04,07,7,W1A,대구광역시,북구,11069640,2.97,6521,2.93
7,2018,04,08,1,W1A,대구광역시,북구,14664030,3.93,8018,3.6
8,2018,04,09,2,W1A,대구광역시,북구,13651730,3.66,7895,3.55
9,2018,04,10,3,W1A,대구광역시,북구,11857740,3.18,7099,3.19
0,2018,04,01,1,W1B,대구광역시,수성구,18307450,3.83,10366,3.6
1,2018,04,02,2,W1B,대구광역시,수성구,18395550,3.85,10888,3.78
2,2018,04,03,3,W1B,대구광역시,수성구,15904350,3.33,10035,3.49
3,2018,04,04,4,W1B,대구광역시,수성구,12357750,2.59,7833,2.72
4,2018,04,05,5,W1B,대구광역시,수성구,13552000,2.84,8458,2.94
5,2018,04,06,6,W1B,대구광역시,수성구,14591150,3.06,8947,3.11
6,2018,04,07,7,W1B,대구광역시,수성구,14413150,3.02,8455,2.94
7,2018,04,08,1,W1B,대구광역시,수성구,18567300,3.89,10211,3.55
8,2018,04,09,2,W1B,대구광역시,수성구,18176900,3.81,10442,3.63
9,2018,04,10,3,W1B,대구광역시,수성구,15219050,3.19,9323,3.24
0,2018,04,01,1,W1C,대구광역시,달서구,42512900,3.93,24648,3.65
1,2018,04,02,2,W1C,대구광역시,달서구,41412150,3.83,25232,3.74
2,2018,04,03,3,W1C,대구광역시,달서구,37487550,3.46,23899,3.54
3,2018,04,04,4,W1C,대구광역시,달서구,27946350,2.58,18145,2.69
4,2018,04,05,5,W1C,대구광역시,달서구,30800300,2.85,19702,2.92
5,2018,04,06,6,W1C,대구광역시,달서구,33103900,3.06,20932,3.1
6,2018,04,07,7,W1C,대구광역시,달서구,34013850,3.14,20454,3.03
7,2018,04,08,1,W1C,대구광역시,달서구,41482350,3.83,23654,3.5
8,2018,04,09,2,W1C,대구광역시,달서구,41596000,3.84,25004,3.7
9,2018,04,10,3,W1C,대구광역시,달서구,33804650,3.12,21452,3.18
0,2018,04,01,1,W1D,대구광역시,달성군,4173750,3.88,2299,3.53
1,2018,04,02,2,W1D,대구광역시,달성군,4126450,3.84,2395,3.68
2,2018,04,03,3,W1D,대구광역시,달성군,3610150,3.36,2270,3.48
3,2018,04,04,4,W1D,대구광역시,달성군,2793750,2.6,1794,2.75
4,2018,04,05,5,W1D,대구광역시,달성군,3023200,2.81,1901,2.92
5,2018,04,06,6,W1D,대구광역시,달성군,3418200,3.18,2076,3.19
6,2018,04,07,7,W1D,대구광역시,달성군,3349200,3.11,1990,3.05
7,2018,04,08,1,W1D,대구광역시,달성군,4327700,4.02,2387,3.66
8,2018,04,09,2,W1D,대구광역시,달성군,4022100,3.74,2312,3.55
9,2018,04,10,3,W1D,대구광역시,달성군,3308750,3.08,2048,3.14
0,2018,04,01,1,W1E,인천광역시,중구,4940850,4.26,2497,3.92
1,2018,04,02,2,W1E,인천광역시,중구,4255750,3.67,2256,3.54
2,2018,04,03,3,W1E,인천광역시,중구,3630900,3.13,2065,3.24
3,2018,04,04,4,W1E,인천광역시,중구,3962850,3.42,2197,3.45
4,2018,04,05,5,W1E,인천광역시,중구,2786750,2.41,1618,2.54
5,2018,04,06,6,W1E,인천광역시,중구,3496350,3.02,2045,3.21
6,2018,04,07,7,W1E,인천광역시,중구,3607350,3.11,1916,3.01
7,2018,04,08,1,W1E,인천광역시,중구,4697650,4.05,2373,3.72
8,2018,04,09,2,W1E,인천광역시,중구,4346550,3.75,2308,3.62
9,2018,04,10,3,W1E,인천광역시,중구,3402000,2.94,1853,2.91
0,2018,04,01,1,W1F,인천광역시,동구,6529500,3.95,3917,3.59
1,2018,04,02,2,W1F,인천광역시,동구,6353350,3.85,4068,3.73
2,2018,04,03,3,W1F,인천광역시,동구,5437950,3.29,3711,3.4
3,2018,04,04,4,W1F,인천광역시,동구,5252700,3.18,3714,3.41
4,2018,04,05,5,W1F,인천광역시,동구,4342350,2.63,2906,2.67
5,2018,04,06,6,W1F,인천광역시,동구,4949400,3.0,3427,3.14
6,2018,04,07,7,W1F,인천광역시,동구,5446550,3.3,3346,3.07
7,2018,04,08,1,W1F,인천광역시,동구,6038100,3.65,3597,3.3
8,2018,04,09,2,W1F,인천광역시,동구,6289550,3.81,4030,3.7
9,2018,04,10,3,W1F,인천광역시,동구,4855050,2.94,3288,3.02
0,2018,04,01,1,W1G,인천광역시,미추홀구,19994600,4.11,11640,3.85
1,2018,04,02,2,W1G,인천광역시,미추홀구,18443550,3.79,11012,3.65
2,2018,04,03,3,W1G,인천광역시,미추홀구,15749500,3.24,9988,3.31
3,2018,04,04,4,W1G,인천광역시,미추홀구,16490850,3.39,10560,3.5
4,2018,04,05,5,W1G,인천광역시,미추홀구,12125400,2.49,7696,2.55
5,2018,04,06,6,W1G,인천광역시,미추홀구,15149450,3.11,9635,3.19
6,2018,04,07,7,W1G,인천광역시,미추홀구,15067750,3.1,9049,3.0
7,2018,04,08,1,W1G,인천광역시,미추홀구,18904950,3.88,10775,3.57
8,2018,04,09,2,W1G,인천광역시,미추홀구,18132350,3.73,10818,3.58
9,2018,04,10,3,W1G,인천광역시,미추홀구,13961950,2.87,8771,2.9
0,2018,04,01,1,W1H,인천광역시,연수구,27345500,4.06,15540,3.67
1,2018,04,02,2,W1H,인천광역시,연수구,27138500,4.03,16372,3.86
2,2018,04,03,3,W1H,인천광역시,연수구,22390250,3.33,14677,3.46
3,2018,04,04,4,W1H,인천광역시,연수구,21021900,3.12,14159,3.34
4,2018,04,05,5,W1H,인천광역시,연수구,15864550,2.36,10553,2.49
5,2018,04,06,6,W1H,인천광역시,연수구,21030150,3.12,13728,3.24
6,2018,04,07,7,W1H,인천광역시,연수구,21525650,3.2,12866,3.04
7,2018,04,08,1,W1H,인천광역시,연수구,25777300,3.83,14725,3.47
8,2018,04,09,2,W1H,인천광역시,연수구,26015350,3.86,15787,3.73
9,2018,04,10,3,W1H,인천광역시,연수구,20116450,2.99,12986,3.06
0,2018,04,01,1,W1I,인천광역시,남동구,19296350,3.87,11596,3.55
1,2018,04,02,2,W1I,인천광역시,남동구,19252650,3.87,12223,3.74
2,2018,04,03,3,W1I,인천광역시,남동구,17256900,3.47,11480,3.52
3,2018,04,04,4,W1I,인천광역시,남동구,15448000,3.1,10784,3.3
4,2018,04,05,5,W1I,인천광역시,남동구,12568550,2.52,8491,2.6
5,2018,04,06,6,W1I,인천광역시,남동구,15719200,3.16,10739,3.29
6,2018,04,07,7,W1I,인천광역시,남동구,16254550,3.26,10415,3.19
7,2018,04,08,1,W1I,인천광역시,남동구,17754200,3.57,10712,3.28
8,2018,04,09,2,W1I,인천광역시,남동구,19980650,4.01,12164,3.72
9,2018,04,10,3,W1I,인천광역시,남동구,15186350,3.05,10359,3.17
0,2018,04,01,1,W1J,인천광역시,부평구,21112800,4.44,11384,4.02
1,2018,04,02,2,W1J,인천광역시,부평구,17775250,3.73,10354,3.66
2,2018,04,03,3,W1J,인천광역시,부평구,15165000,3.19,9319,3.29
3,2018,04,04,4,W1J,인천광역시,부평구,15754250,3.31,9636,3.4
4,2018,04,05,5,W1J,인천광역시,부평구,11573900,2.43,6936,2.45
5,2018,04,06,6,W1J,인천광역시,부평구,14588050,3.07,8921,3.15
6,2018,04,07,7,W1J,인천광역시,부평구,14879100,3.13,8661,3.06
7,2018,04,08,1,W1J,인천광역시,부평구,18928100,3.98,10213,3.61
8,2018,04,09,2,W1J,인천광역시,부평구,17878200,3.76,10393,3.67
9,2018,04,10,3,W1J,인천광역시,부평구,13754850,2.89,8314,2.94
0,2018,04,01,1,W1K,인천광역시,계양구,11787150,4.21,6492,3.88
1,2018,04,02,2,W1K,인천광역시,계양구,10572450,3.78,6162,3.68
2,2018,04,03,3,W1K,인천광역시,계양구,9303300,3.32,5775,3.45
3,2018,04,04,4,W1K,인천광역시,계양구,8767000,3.13,5483,3.28
4,2018,04,05,5,W1K,인천광역시,계양구,6501600,2.32,4002,2.39
5,2018,04,06,6,W1K,인천광역시,계양구,8677000,3.1,5433,3.25
6,2018,04,07,7,W1K,인천광역시,계양구,9291550,3.32,5179,3.1
7,2018,04,08,1,W1K,인천광역시,계양구,10568250,3.77,5748,3.44
8,2018,04,09,2,W1K,인천광역시,계양구,10822550,3.86,6202,3.71
9,2018,04,10,3,W1K,인천광역시,계양구,8249750,2.95,5012,3.0
0,2018,04,01,1,W1L,인천광역시,서구,43430100,4.21,21586,3.85
1,2018,04,02,2,W1L,인천광역시,서구,39878100,3.87,21211,3.79
2,2018,04,03,3,W1L,인천광역시,서구,34863200,3.38,19277,3.44
3,2018,04,04,4,W1L,인천광역시,서구,32989350,3.2,18651,3.33
4,2018,04,05,5,W1L,인천광역시,서구,25521050,2.48,14338,2.56
5,2018,04,06,6,W1L,인천광역시,서구,30743800,2.98,17362,3.1
6,2018,04,07,7,W1L,인천광역시,서구,31452900,3.05,16792,3.0
7,2018,04,08,1,W1L,인천광역시,서구,38602700,3.75,19223,3.43
8,2018,04,09,2,W1L,인천광역시,서구,40464600,3.93,21215,3.79
9,2018,04,10,3,W1L,인천광역시,서구,30409600,2.95,16848,3.01
0,2018,04,01,1,W1M,인천광역시,강화군,1440250,5.66,523,5.12
1,2018,04,02,2,W1M,인천광역시,강화군,743750,2.92,287,2.81
2,2018,04,03,3,W1M,인천광역시,강화군,790750,3.11,333,3.26
3,2018,04,04,4,W1M,인천광역시,강화군,723650,2.84,314,3.08
4,2018,04,05,5,W1M,인천광역시,강화군,585850,2.3,238,2.33
5,2018,04,06,6,W1M,인천광역시,강화군,667650,2.62,297,2.91
6,2018,04,07,7,W1M,인천광역시,강화군,846050,3.32,326,3.19
7,2018,04,08,1,W1M,인천광역시,강화군,1244300,4.89,487,4.77
8,2018,04,09,2,W1M,인천광역시,강화군,878650,3.45,329,3.22
9,2018,04,10,3,W1M,인천광역시,강화군,585300,2.3,244,2.39
0,2018,04,01,1,W1O,광주광역시,동구,3847800,4.01,2154,3.73
1,2018,04,02,2,W1O,광주광역시,동구,3562550,3.71,2112,3.65
2,2018,04,03,3,W1O,광주광역시,동구,3180650,3.31,1926,3.33
3,2018,04,04,4,W1O,광주광역시,동구,2792500,2.91,1746,3.02
4,2018,04,05,5,W1O,광주광역시,동구,2665400,2.77,1658,2.87
5,2018,04,06,6,W1O,광주광역시,동구,2749450,2.86,1790,3.1
6,2018,04,07,7,W1O,광주광역시,동구,2935150,3.06,1709,2.96
7,2018,04,08,1,W1O,광주광역시,동구,3941200,4.1,2119,3.67
8,2018,04,09,2,W1O,광주광역시,동구,3570400,3.72,2082,3.6
9,2018,04,10,3,W1O,광주광역시,동구,3048800,3.17,1909,3.3
0,2018,04,01,1,W1P,광주광역시,서구,30112700,4.14,15317,3.75
1,2018,04,02,2,W1P,광주광역시,서구,27534950,3.79,15021,3.68
2,2018,04,03,3,W1P,광주광역시,서구,24799950,3.41,14037,3.44
3,2018,04,04,4,W1P,광주광역시,서구,21780800,3.0,12576,3.08
4,2018,04,05,5,W1P,광주광역시,서구,19780500,2.72,11495,2.82
5,2018,04,06,6,W1P,광주광역시,서구,22076950,3.04,12754,3.13
6,2018,04,07,7,W1P,광주광역시,서구,21511600,2.96,11828,2.9
7,2018,04,08,1,W1P,광주광역시,서구,29809300,4.1,14831,3.63
8,2018,04,09,2,W1P,광주광역시,서구,28083500,3.86,15010,3.68
9,2018,04,10,3,W1P,광주광역시,서구,22955700,3.16,13116,3.21
0,2018,04,01,1,W1Q,광주광역시,남구,16219600,4.1,8732,3.71
1,2018,04,02,2,W1Q,광주광역시,남구,15268650,3.86,8734,3.71
2,2018,04,03,3,W1Q,광주광역시,남구,13280100,3.36,8163,3.46
3,2018,04,04,4,W1Q,광주광역시,남구,11615000,2.94,7136,3.03
4,2018,04,05,5,W1Q,광주광역시,남구,10756250,2.72,6706,2.85
5,2018,04,06,6,W1Q,광주광역시,남구,11543900,2.92,7381,3.13
6,2018,04,07,7,W1Q,광주광역시,남구,11752550,2.97,6813,2.89
7,2018,04,08,1,W1Q,광주광역시,남구,16078350,4.06,8607,3.65
8,2018,04,09,2,W1Q,광주광역시,남구,15217800,3.85,8692,3.69
9,2018,04,10,3,W1Q,광주광역시,남구,12545250,3.17,7578,3.22
0,2018,04,01,1,W1R,광주광역시,북구,25831150,4.11,13528,3.73
1,2018,04,02,2,W1R,광주광역시,북구,23851150,3.8,13360,3.68
2,2018,04,03,3,W1R,광주광역시,북구,21351700,3.4,12509,3.45
3,2018,04,04,4,W1R,광주광역시,북구,18613200,2.96,10863,2.99
4,2018,04,05,5,W1R,광주광역시,북구,16698200,2.66,10163,2.8
5,2018,04,06,6,W1R,광주광역시,북구,18549300,2.95,11123,3.06
6,2018,04,07,7,W1R,광주광역시,북구,18810300,2.99,10560,2.91
7,2018,04,08,1,W1R,광주광역시,북구,25809350,4.11,13378,3.69
8,2018,04,09,2,W1R,광주광역시,북구,24311000,3.87,13293,3.66
9,2018,04,10,3,W1R,광주광역시,북구,19543850,3.11,11575,3.19
0,2018,04,01,1,W1S,광주광역시,광산구,20782150,4.02,10668,3.67
1,2018,04,02,2,W1S,광주광역시,광산구,20135800,3.89,10769,3.7
2,2018,04,03,3,W1S,광주광역시,광산구,17614350,3.4,10118,3.48
3,2018,04,04,4,W1S,광주광역시,광산구,15253200,2.95,8996,3.09
4,2018,04,05,5,W1S,광주광역시,광산구,13769250,2.66,8156,2.8
5,2018,04,06,6,W1S,광주광역시,광산구,15476000,2.99,9160,3.15
6,2018,04,07,7,W1S,광주광역시,광산구,15202450,2.94,8327,2.86
7,2018,04,08,1,W1S,광주광역시,광산구,21076700,4.07,10659,3.66
8,2018,04,09,2,W1S,광주광역시,광산구,20537000,3.97,10871,3.73
9,2018,04,10,3,W1S,광주광역시,광산구,16363700,3.16,9369,3.22
0,2018,04,01,1,W1T,대전광역시,동구,908750,4.02,435,3.43
1,2018,04,02,2,W1T,대전광역시,동구,1030650,4.56,543,4.29
2,2018,04,03,3,W1T,대전광역시,동구,779250,3.45,443,3.5
3,2018,04,04,4,W1T,대전광역시,동구,594500,2.63,346,2.73
4,2018,04,05,5,W1T,대전광역시,동구,588350,2.6,319,2.52
5,2018,04,06,6,W1T,대전광역시,동구,688550,3.04,376,2.97
6,2018,04,07,7,W1T,대전광역시,동구,660400,2.92,376,2.97
7,2018,04,08,1,W1T,대전광역시,동구,758900,3.36,390,3.08
8,2018,04,09,2,W1T,대전광역시,동구,925550,4.09,503,3.97
9,2018,04,10,3,W1T,대전광역시,동구,765300,3.38,438,3.46
0,2018,04,01,1,W1U,대전광역시,중구,367750,4.03,218,3.81
1,2018,04,02,2,W1U,대전광역시,중구,349700,3.83,231,4.04
2,2018,04,03,3,W1U,대전광역시,중구,322450,3.53,193,3.37
3,2018,04,04,4,W1U,대전광역시,중구,243750,2.67,164,2.87
4,2018,04,05,5,W1U,대전광역시,중구,288600,3.16,165,2.88
5,2018,04,06,6,W1U,대전광역시,중구,299350,3.28,182,3.18
6,2018,04,07,7,W1U,대전광역시,중구,298250,3.27,178,3.11
7,2018,04,08,1,W1U,대전광역시,중구,338550,3.71,201,3.51
8,2018,04,09,2,W1U,대전광역시,중구,388500,4.25,218,3.81
9,2018,04,10,3,W1U,대전광역시,중구,292500,3.2,194,3.39
0,2018,04,01,1,W1V,대전광역시,서구,3117200,4.14,1705,3.77
1,2018,04,02,2,W1V,대전광역시,서구,2887000,3.83,1677,3.71
2,2018,04,03,3,W1V,대전광역시,서구,2593750,3.44,1607,3.55
3,2018,04,04,4,W1V,대전광역시,서구,2135000,2.83,1351,2.99
4,2018,04,05,5,W1V,대전광역시,서구,1912750,2.54,1127,2.49
5,2018,04,06,6,W1V,대전광역시,서구,2234200,2.97,1428,3.16
6,2018,04,07,7,W1V,대전광역시,서구,2234500,2.97,1339,2.96
7,2018,04,08,1,W1V,대전광역시,서구,2901700,3.85,1608,3.56
8,2018,04,09,2,W1V,대전광역시,서구,2918350,3.87,1664,3.68
9,2018,04,10,3,W1V,대전광역시,서구,2480300,3.29,1551,3.43
0,2018,04,01,1,W1W,대전광역시,유성구,2295600,4.22,1259,3.95
1,2018,04,02,2,W1W,대전광역시,유성구,2108250,3.87,1219,3.83
2,2018,04,03,3,W1W,대전광역시,유성구,1992050,3.66,1151,3.61
3,2018,04,04,4,W1W,대전광역시,유성구,1500800,2.76,946,2.97
4,2018,04,05,5,W1W,대전광역시,유성구,1255600,2.31,796,2.5
5,2018,04,06,6,W1W,대전광역시,유성구,1641250,3.02,1027,3.22
6,2018,04,07,7,W1W,대전광역시,유성구,1673800,3.08,951,2.98
7,2018,04,08,1,W1W,대전광역시,유성구,2319950,4.26,1202,3.77
8,2018,04,09,2,W1W,대전광역시,유성구,2281450,4.19,1264,3.97
9,2018,04,10,3,W1W,대전광역시,유성구,1593650,2.93,961,3.02
0,2018,04,01,1,W1X,대전광역시,대덕구,1245050,3.9,751,3.58
1,2018,04,02,2,W1X,대전광역시,대덕구,1558350,4.89,917,4.38
2,2018,04,03,3,W1X,대전광역시,대덕구,1073200,3.37,714,3.41
3,2018,04,04,4,W1X,대전광역시,대덕구,851150,2.67,614,2.93
4,2018,04,05,5,W1X,대전광역시,대덕구,802400,2.52,552,2.63
5,2018,04,06,6,W1X,대전광역시,대덕구,936000,2.94,632,3.02
6,2018,04,07,7,W1X,대전광역시,대덕구,938350,2.94,586,2.8
7,2018,04,08,1,W1X,대전광역시,대덕구,1160200,3.64,700,3.34
8,2018,04,09,2,W1X,대전광역시,대덕구,1463050,4.59,906,4.32
9,2018,04,10,3,W1X,대전광역시,대덕구,913450,2.86,603,2.88
0,2018,04,01,1,W1Y,울산광역시,중구,3693850,3.77,2198,3.54
1,2018,04,02,2,W1Y,울산광역시,중구,3654500,3.73,2314,3.72
2,2018,04,03,3,W1Y,울산광역시,중구,3345150,3.42,2152,3.46
3,2018,04,04,4,W1Y,울산광역시,중구,2586750,2.64,1666,2.68
4,2018,04,05,5,W1Y,울산광역시,중구,3045000,3.11,2040,3.28
5,2018,04,06,6,W1Y,울산광역시,중구,2984450,3.05,1922,3.09
6,2018,04,07,7,W1Y,울산광역시,중구,2886450,2.95,1821,2.93
7,2018,04,08,1,W1Y,울산광역시,중구,3771800,3.85,2135,3.44
8,2018,04,09,2,W1Y,울산광역시,중구,3683350,3.76,2244,3.61
9,2018,04,10,3,W1Y,울산광역시,중구,3162050,3.23,2073,3.34
0,2018,04,01,1,W1Z,울산광역시,남구,3457800,5.23,1894,4.51
1,2018,04,02,2,W1Z,울산광역시,남구,1910900,2.89,1208,2.88
2,2018,04,03,3,W1Z,울산광역시,남구,1854500,2.81,1241,2.96
3,2018,04,04,4,W1Z,울산광역시,남구,1447650,2.19,957,2.28
4,2018,04,05,5,W1Z,울산광역시,남구,1951850,2.95,1279,3.05
5,2018,04,06,6,W1Z,울산광역시,남구,1839500,2.78,1135,2.7
6,2018,04,07,7,W1Z,울산광역시,남구,1878800,2.84,1197,2.85
7,2018,04,08,1,W1Z,울산광역시,남구,2452000,3.71,1400,3.34
8,2018,04,09,2,W1Z,울산광역시,남구,2315650,3.51,1423,3.39
9,2018,04,10,3,W1Z,울산광역시,남구,1925050,2.91,1284,3.06
0,2018,04,01,1,W20,울산광역시,동구,2241850,2.92,1301,2.66
1,2018,04,02,2,W20,울산광역시,동구,2618500,3.4,1621,3.32
2,2018,04,03,3,W20,울산광역시,동구,2498700,3.25,1645,3.37
3,2018,04,04,4,W20,울산광역시,동구,1979350,2.57,1327,2.72
4,2018,04,05,5,W20,울산광역시,동구,2620850,3.41,1698,3.48
5,2018,04,06,6,W20,울산광역시,동구,2303700,3.0,1449,2.97
6,2018,04,07,7,W20,울산광역시,동구,2331400,3.03,1488,3.05
7,2018,04,08,1,W20,울산광역시,동구,2863750,3.72,1752,3.59
8,2018,04,09,2,W20,울산광역시,동구,2836750,3.69,1766,3.62
9,2018,04,10,3,W20,울산광역시,동구,2437950,3.17,1635,3.35
0,2018,04,01,1,W21,울산광역시,북구,1931200,3.86,1011,3.43
1,2018,04,02,2,W21,울산광역시,북구,2130450,4.26,1183,4.01
2,2018,04,03,3,W21,울산광역시,북구,1734600,3.47,1031,3.5
3,2018,04,04,4,W21,울산광역시,북구,1269400,2.54,777,2.64
4,2018,04,05,5,W21,울산광역시,북구,1517250,3.04,938,3.18
5,2018,04,06,6,W21,울산광역시,북구,1371450,2.74,869,2.95
6,2018,04,07,7,W21,울산광역시,북구,1562200,3.13,867,2.94
7,2018,04,08,1,W21,울산광역시,북구,1908700,3.82,986,3.35
8,2018,04,09,2,W21,울산광역시,북구,1979850,3.96,1138,3.86
9,2018,04,10,3,W21,울산광역시,북구,1576500,3.15,941,3.19
0,2018,04,01,1,W23,경기도,수원시장안구,31150250,4.33,16463,4.01
1,2018,04,02,2,W23,경기도,수원시장안구,27449550,3.81,15121,3.68
2,2018,04,03,3,W23,경기도,수원시장안구,23532100,3.27,13708,3.34
3,2018,04,04,4,W23,경기도,수원시장안구,22685800,3.15,13551,3.3
4,2018,04,05,5,W23,경기도,수원시장안구,18846950,2.62,11292,2.75
5,2018,04,06,6,W23,경기도,수원시장안구,20736450,2.88,12340,3.01
6,2018,04,07,7,W23,경기도,수원시장안구,20972700,2.91,11648,2.84
7,2018,04,08,1,W23,경기도,수원시장안구,29323600,4.08,15261,3.72
8,2018,04,09,2,W23,경기도,수원시장안구,26977500,3.75,14862,3.62
9,2018,04,10,3,W23,경기도,수원시장안구,20888650,2.9,12420,3.03
0,2018,04,01,1,W24,경기도,수원시권선구,45893850,4.48,24296,4.13
1,2018,04,02,2,W24,경기도,수원시권선구,39297600,3.84,21766,3.7
2,2018,04,03,3,W24,경기도,수원시권선구,35140850,3.43,20541,3.49
3,2018,04,04,4,W24,경기도,수원시권선구,31756300,3.1,18972,3.23
4,2018,04,05,5,W24,경기도,수원시권선구,24809150,2.42,14452,2.46
5,2018,04,06,6,W24,경기도,수원시권선구,29355200,2.87,17470,2.97
6,2018,04,07,7,W24,경기도,수원시권선구,30502350,2.98,16659,2.83
7,2018,04,08,1,W24,경기도,수원시권선구,42293500,4.13,22375,3.8
8,2018,04,09,2,W24,경기도,수원시권선구,38320000,3.74,20906,3.55
9,2018,04,10,3,W24,경기도,수원시권선구,31096750,3.04,18331,3.12
0,2018,04,01,1,W25,경기도,수원시팔달구,13625950,4.08,7396,3.67
1,2018,04,02,2,W25,경기도,수원시팔달구,13749250,4.12,8014,3.98
2,2018,04,03,3,W25,경기도,수원시팔달구,11710450,3.51,7202,3.57
3,2018,04,04,4,W25,경기도,수원시팔달구,10820700,3.24,6841,3.39
4,2018,04,05,5,W25,경기도,수원시팔달구,7826300,2.34,5006,2.48
5,2018,04,06,6,W25,경기도,수원시팔달구,9958550,2.98,6296,3.12
6,2018,04,07,7,W25,경기도,수원시팔달구,10385700,3.11,5917,2.94
7,2018,04,08,1,W25,경기도,수원시팔달구,12742150,3.82,6847,3.4
8,2018,04,09,2,W25,경기도,수원시팔달구,13537950,4.06,7836,3.89
9,2018,04,10,3,W25,경기도,수원시팔달구,10139750,3.04,6216,3.08
0,2018,04,01,1,W26,경기도,수원시영통구,54172450,4.19,29499,3.86
1,2018,04,02,2,W26,경기도,수원시영통구,52831850,4.08,30066,3.94
2,2018,04,03,3,W26,경기도,수원시영통구,43515300,3.36,26321,3.45
3,2018,04,04,4,W26,경기도,수원시영통구,40705450,3.15,25097,3.29
4,2018,04,05,5,W26,경기도,수원시영통구,31622100,2.44,19520,2.56
5,2018,04,06,6,W26,경기도,수원시영통구,36972350,2.86,22698,2.97
6,2018,04,07,7,W26,경기도,수원시영통구,39491550,3.05,22386,2.93
7,2018,04,08,1,W26,경기도,수원시영통구,50919050,3.93,27386,3.59
8,2018,04,09,2,W26,경기도,수원시영통구,52206150,4.03,29431,3.86
9,2018,04,10,3,W26,경기도,수원시영통구,38997000,3.01,23559,3.09
0,2018,04,01,1,W28,경기도,성남시중원구,229500,4.4,123,3.74
1,2018,04,02,2,W28,경기도,성남시중원구,176650,3.39,123,3.74
2,2018,04,03,3,W28,경기도,성남시중원구,165150,3.17,114,3.46
3,2018,04,04,4,W28,경기도,성남시중원구,133350,2.56,91,2.77
4,2018,04,05,5,W28,경기도,성남시중원구,121400,2.33,84,2.55
5,2018,04,06,6,W28,경기도,성남시중원구,130850,2.51,86,2.61
6,2018,04,07,7,W28,경기도,성남시중원구,175050,3.36,109,3.31
7,2018,04,08,1,W28,경기도,성남시중원구,188200,3.61,115,3.49
8,2018,04,09,2,W28,경기도,성남시중원구,195900,3.76,118,3.59
9,2018,04,10,3,W28,경기도,성남시중원구,156850,3.01,107,3.25
0,2018,04,01,1,W29,경기도,성남시분당구,501400,3.92,326,3.79
1,2018,04,02,2,W29,경기도,성남시분당구,545650,4.27,342,3.97
2,2018,04,03,3,W29,경기도,성남시분당구,443300,3.47,328,3.81
3,2018,04,04,4,W29,경기도,성남시분당구,443500,3.47,292,3.39
4,2018,04,05,5,W29,경기도,성남시분당구,321350,2.51,219,2.54
5,2018,04,06,6,W29,경기도,성남시분당구,390400,3.05,265,3.08
6,2018,04,07,7,W29,경기도,성남시분당구,393400,3.08,255,2.96
7,2018,04,08,1,W29,경기도,성남시분당구,416950,3.26,258,3.0
8,2018,04,09,2,W29,경기도,성남시분당구,520400,4.07,344,4.0
9,2018,04,10,3,W29,경기도,성남시분당구,419300,3.28,285,3.31
0,2018,04,01,1,W2A,경기도,의정부시,4499500,4.26,2549,4.14
1,2018,04,02,2,W2A,경기도,의정부시,4301600,4.07,2358,3.83
2,2018,04,03,3,W2A,경기도,의정부시,3646300,3.45,2143,3.48
3,2018,04,04,4,W2A,경기도,의정부시,3507250,3.32,2194,3.57
4,2018,04,05,5,W2A,경기도,의정부시,2484550,2.35,1444,2.35
5,2018,04,06,6,W2A,경기도,의정부시,1830600,1.73,1043,1.69
6,2018,04,07,7,W2A,경기도,의정부시,1839700,1.74,1034,1.68
7,2018,04,08,1,W2A,경기도,의정부시,2234700,2.11,1078,1.75
8,2018,04,09,2,W2A,경기도,의정부시,3936900,3.73,2168,3.52
9,2018,04,10,3,W2A,경기도,의정부시,3217850,3.05,1843,2.99
0,2018,04,01,1,W2B,경기도,안양시,2005900,5.5,1075,5.29
1,2018,04,02,2,W2B,경기도,안양시,1185000,3.25,622,3.06
2,2018,04,03,3,W2B,경기도,안양시,1215350,3.33,671,3.3
3,2018,04,04,4,W2B,경기도,안양시,1168650,3.2,649,3.19
4,2018,04,05,5,W2B,경기도,안양시,810450,2.22,445,2.19
5,2018,04,06,6,W2B,경기도,안양시,1182850,3.24,646,3.18
6,2018,04,07,7,W2B,경기도,안양시,1317550,3.61,696,3.42
7,2018,04,08,1,W2B,경기도,안양시,1893500,5.19,998,4.91
8,2018,04,09,2,W2B,경기도,안양시,1126150,3.09,651,3.2
9,2018,04,10,3,W2B,경기도,안양시,1012400,2.77,579,2.85
0,2018,04,01,1,W2D,경기도,부천시,13731500,4.28,7081,3.94
1,2018,04,02,2,W2D,경기도,부천시,12592750,3.93,6780,3.77
2,2018,04,03,3,W2D,경기도,부천시,10880150,3.39,6071,3.38
3,2018,04,04,4,W2D,경기도,부천시,9775150,3.05,5729,3.19
4,2018,04,05,5,W2D,경기도,부천시,8243500,2.57,4711,2.62
5,2018,04,06,6,W2D,경기도,부천시,9721900,3.03,5581,3.1
6,2018,04,07,7,W2D,경기도,부천시,9786350,3.05,5319,2.96
7,2018,04,08,1,W2D,경기도,부천시,12495000,3.9,6515,3.62
8,2018,04,09,2,W2D,경기도,부천시,12301700,3.84,6658,3.7
9,2018,04,10,3,W2D,경기도,부천시,9960350,3.11,5611,3.12
0,2018,04,01,1,W2H,경기도,평택시,9130350,4.25,4326,3.88
1,2018,04,02,2,W2H,경기도,평택시,8789100,4.09,4351,3.9
2,2018,04,03,3,W2H,경기도,평택시,7432400,3.46,3907,3.5
3,2018,04,04,4,W2H,경기도,평택시,6533650,3.04,3434,3.08
4,2018,04,05,5,W2H,경기도,평택시,4799900,2.23,2606,2.34
5,2018,04,06,6,W2H,경기도,평택시,6693050,3.12,3515,3.15
6,2018,04,07,7,W2H,경기도,평택시,6483800,3.02,3271,2.93
7,2018,04,08,1,W2H,경기도,평택시,8927350,4.16,4159,3.73
8,2018,04,09,2,W2H,경기도,평택시,8480800,3.95,4129,3.7
9,2018,04,10,3,W2H,경기도,평택시,6283000,2.93,3474,3.11
0,2018,04,01,1,W2I,경기도,동두천시,8476200,4.13,4251,3.76
1,2018,04,02,2,W2I,경기도,동두천시,8109950,3.95,4298,3.8
2,2018,04,03,3,W2I,경기도,동두천시,6579100,3.2,3755,3.32
3,2018,04,04,4,W2I,경기도,동두천시,6896100,3.36,3906,3.45
4,2018,04,05,5,W2I,경기도,동두천시,4763850,2.32,2683,2.37
5,2018,04,06,6,W2I,경기도,동두천시,6465050,3.15,3614,3.19
6,2018,04,07,7,W2I,경기도,동두천시,6513900,3.17,3486,3.08
7,2018,04,08,1,W2I,경기도,동두천시,7094600,3.45,3464,3.06
8,2018,04,09,2,W2I,경기도,동두천시,8229750,4.01,4367,3.86
9,2018,04,10,3,W2I,경기도,동두천시,6228000,3.03,3340,2.95
0,2018,04,01,1,W2L,경기도,고양시,412600,3.18,333,3.13
1,2018,04,02,2,W2L,경기도,고양시,494600,3.81,380,3.57
2,2018,04,03,3,W2L,경기도,고양시,407650,3.14,341,3.21
3,2018,04,04,4,W2L,경기도,고양시,418350,3.22,352,3.31
4,2018,04,05,5,W2L,경기도,고양시,413000,3.18,379,3.56
5,2018,04,06,6,W2L,경기도,고양시,375000,2.89,309,2.91
6,2018,04,07,7,W2L,경기도,고양시,412000,3.18,328,3.08
7,2018,04,08,1,W2L,경기도,고양시,452150,3.49,339,3.19
8,2018,04,09,2,W2L,경기도,고양시,473300,3.65,374,3.52
9,2018,04,10,3,W2L,경기도,고양시,373150,2.88,328,3.08
0,2018,04,01,1,W2Q,경기도,구리시,12186800,1.91,6636,3.68
1,2018,04,02,2,W2Q,경기도,구리시,38450750,6.03,7116,3.94
2,2018,04,03,3,W2Q,경기도,구리시,24453400,3.84,6341,3.51
3,2018,04,04,4,W2Q,경기도,구리시,26384550,4.14,6133,3.4
4,2018,04,05,5,W2Q,경기도,구리시,7448600,1.17,4740,2.63
5,2018,04,06,6,W2Q,경기도,구리시,9148050,1.43,5592,3.1
6,2018,04,07,7,W2Q,경기도,구리시,14849850,2.33,5060,2.8
7,2018,04,08,1,W2Q,경기도,구리시,10594350,1.66,5735,3.18
8,2018,04,09,2,W2Q,경기도,구리시,35701250,5.6,7000,3.88
9,2018,04,10,3,W2Q,경기도,구리시,23228700,3.64,5545,3.07
0,2018,04,01,1,W2R,경기도,남양주시,9618900,4.15,5022,3.93
1,2018,04,02,2,W2R,경기도,남양주시,8370100,3.61,4493,3.52
2,2018,04,03,3,W2R,경기도,남양주시,7506000,3.24,4257,3.33
3,2018,04,04,4,W2R,경기도,남양주시,7291000,3.15,4260,3.34
4,2018,04,05,5,W2R,경기도,남양주시,5753100,2.48,3234,2.53
5,2018,04,06,6,W2R,경기도,남양주시,7298900,3.15,4041,3.16
6,2018,04,07,7,W2R,경기도,남양주시,6751450,2.91,3623,2.84
7,2018,04,08,1,W2R,경기도,남양주시,8626150,3.72,4415,3.46
8,2018,04,09,2,W2R,경기도,남양주시,8889600,3.84,4590,3.59
9,2018,04,10,3,W2R,경기도,남양주시,6875050,2.97,3792,2.97
0,2018,04,01,1,W2S,경기도,오산시,31942350,4.5,15601,4.11
1,2018,04,02,2,W2S,경기도,오산시,26849500,3.78,13922,3.67
2,2018,04,03,3,W2S,경기도,오산시,23176800,3.27,12763,3.36
3,2018,04,04,4,W2S,경기도,오산시,22253050,3.14,12439,3.28
4,2018,04,05,5,W2S,경기도,오산시,17194550,2.42,9348,2.46
5,2018,04,06,6,W2S,경기도,오산시,20899750,2.95,11625,3.06
6,2018,04,07,7,W2S,경기도,오산시,21256950,3.0,10958,2.89
7,2018,04,08,1,W2S,경기도,오산시,30557100,4.31,14946,3.94
8,2018,04,09,2,W2S,경기도,오산시,25776550,3.63,13475,3.55
9,2018,04,10,3,W2S,경기도,오산시,21387150,3.01,11750,3.1
0,2018,04,11,4,W2T,경기도,시흥시,50,0.0,1,0.05
1,2018,04,18,4,W2T,경기도,시흥시,14500,0.33,7,0.34
2,2018,04,19,5,W2T,경기도,시흥시,21850,0.5,10,0.49
3,2018,04,20,6,W2T,경기도,시흥시,38450,0.89,17,0.83
4,2018,04,21,7,W2T,경기도,시흥시,14950,0.35,9,0.44
5,2018,04,22,1,W2T,경기도,시흥시,38850,0.9,12,0.59
6,2018,04,23,2,W2T,경기도,시흥시,227700,5.26,92,4.49
7,2018,04,24,3,W2T,경기도,시흥시,412450,9.53,201,9.8
8,2018,04,25,4,W2T,경기도,시흥시,441700,10.2,214,10.43
9,2018,04,26,5,W2T,경기도,시흥시,388750,8.98,194,9.46
0,2018,04,01,1,W2U,경기도,군포시,6889150,4.28,3809,3.91
1,2018,04,02,2,W2U,경기도,군포시,6115450,3.8,3561,3.66
2,2018,04,03,3,W2U,경기도,군포시,5875850,3.65,3517,3.61
3,2018,04,04,4,W2U,경기도,군포시,5275050,3.27,3403,3.49
4,2018,04,05,5,W2U,경기도,군포시,3656050,2.27,2335,2.4
5,2018,04,06,6,W2U,경기도,군포시,4756300,2.95,2979,3.06
6,2018,04,07,7,W2U,경기도,군포시,4683450,2.91,2824,2.9
7,2018,04,08,1,W2U,경기도,군포시,6165300,3.83,3370,3.46
8,2018,04,09,2,W2U,경기도,군포시,6061650,3.76,3517,3.61
9,2018,04,10,3,W2U,경기도,군포시,5182950,3.22,3151,3.23
0,2018,04,01,1,W2V,경기도,의왕시,7598600,1.18,4298,3.7
1,2018,04,02,2,W2V,경기도,의왕시,40226750,6.25,4540,3.91
2,2018,04,03,3,W2V,경기도,의왕시,20857800,3.24,3983,3.43
3,2018,04,04,4,W2V,경기도,의왕시,24048150,3.73,3946,3.4
4,2018,04,05,5,W2V,경기도,의왕시,14200800,2.21,2754,2.37
5,2018,04,06,6,W2V,경기도,의왕시,20957000,3.25,2911,2.51
6,2018,04,07,7,W2V,경기도,의왕시,15953550,2.48,2690,2.32
7,2018,04,08,1,W2V,경기도,의왕시,5413300,0.84,3025,2.6
8,2018,04,09,2,W2V,경기도,의왕시,36129850,5.61,4016,3.46
9,2018,04,10,3,W2V,경기도,의왕시,19990950,3.1,3682,3.17
0,2018,04,01,1,W2Y,경기도,용인시,120717200,4.12,62472,3.82
1,2018,04,02,2,W2Y,경기도,용인시,116665000,3.98,62545,3.82
2,2018,04,03,3,W2Y,경기도,용인시,100722300,3.44,57024,3.49
3,2018,04,04,4,W2Y,경기도,용인시,92437500,3.16,53663,3.28
4,2018,04,05,5,W2Y,경기도,용인시,72912700,2.49,42629,2.61
5,2018,04,06,6,W2Y,경기도,용인시,86122400,2.94,49638,3.03
6,2018,04,07,7,W2Y,경기도,용인시,88521150,3.02,47288,2.89
7,2018,04,08,1,W2Y,경기도,용인시,113248700,3.87,58258,3.56
8,2018,04,09,2,W2Y,경기도,용인시,113436600,3.87,60893,3.72
9,2018,04,10,3,W2Y,경기도,용인시,91118400,3.11,51966,3.18
0,2018,04,01,1,W30,경기도,파주시,29605850,3.94,14968,3.65
1,2018,04,02,2,W30,경기도,파주시,29463550,3.92,15534,3.79
2,2018,04,03,3,W30,경기도,파주시,26858750,3.57,14810,3.62
3,2018,04,04,4,W30,경기도,파주시,23795300,3.17,13585,3.32
4,2018,04,05,5,W30,경기도,파주시,19169900,2.55,10659,2.6
5,2018,04,06,6,W30,경기도,파주시,23556750,3.13,13190,3.22
6,2018,04,07,7,W30,경기도,파주시,22427150,2.98,12064,2.95
7,2018,04,08,1,W30,경기도,파주시,25760100,3.43,12692,3.1
8,2018,04,09,2,W30,경기도,파주시,29495950,3.93,15372,3.75
9,2018,04,10,3,W30,경기도,파주시,22119650,2.94,12218,2.98
0,2018,04,01,1,W31,경기도,이천시,18488450,4.38,7491,3.98
1,2018,04,02,2,W31,경기도,이천시,16002550,3.79,6963,3.7
2,2018,04,03,3,W31,경기도,이천시,14321000,3.39,6621,3.52
3,2018,04,04,4,W31,경기도,이천시,12755800,3.02,5868,3.12
4,2018,04,05,5,W31,경기도,이천시,9383950,2.22,4364,2.32
5,2018,04,06,6,W31,경기도,이천시,12929500,3.06,6010,3.19
6,2018,04,07,7,W31,경기도,이천시,12733200,3.02,5525,2.93
7,2018,04,08,1,W31,경기도,이천시,16058850,3.81,6749,3.58
8,2018,04,09,2,W31,경기도,이천시,15973550,3.79,6921,3.68
9,2018,04,10,3,W31,경기도,이천시,12891700,3.06,5894,3.13
0,2018,04,01,1,W34,경기도,화성시,102752400,4.47,48132,4.18
1,2018,04,02,2,W34,경기도,화성시,89440810,3.89,43311,3.76
2,2018,04,03,3,W34,경기도,화성시,75136900,3.27,38544,3.35
3,2018,04,04,4,W34,경기도,화성시,68346160,2.97,35663,3.1
4,2018,04,05,5,W34,경기도,화성시,54072870,2.35,28067,2.44
5,2018,04,06,6,W34,경기도,화성시,67588390,2.94,34615,3.01
6,2018,04,07,7,W34,경기도,화성시,67661400,2.94,32277,2.8
7,2018,04,08,1,W34,경기도,화성시,97902790,4.26,45173,3.92
8,2018,04,09,2,W34,경기도,화성시,87190390,3.79,41868,3.64
9,2018,04,10,3,W34,경기도,화성시,68268800,2.97,34744,3.02
0,2018,04,01,1,W35,경기도,광주시,246350,0.05,125,1.37
1,2018,04,02,2,W35,경기도,광주시,26691950,5.96,481,5.26
2,2018,04,03,3,W35,경기도,광주시,22550600,5.03,419,4.58
3,2018,04,04,4,W35,경기도,광주시,15563200,3.47,307,3.36
4,2018,04,05,5,W35,경기도,광주시,15558550,3.47,288,3.15
5,2018,04,06,6,W35,경기도,광주시,13460850,3.01,263,2.88
6,2018,04,07,7,W35,경기도,광주시,14268850,3.19,256,2.8
7,2018,04,08,1,W35,경기도,광주시,249000,0.06,142,1.55
8,2018,04,09,2,W35,경기도,광주시,26298700,5.87,432,4.72
9,2018,04,10,3,W35,경기도,광주시,21743300,4.85,412,4.51
0,2018,04,01,1,W36,경기도,양주시,17419150,4.1,8824,3.73
1,2018,04,02,2,W36,경기도,양주시,16396700,3.86,8818,3.72
2,2018,04,03,3,W36,경기도,양주시,14137700,3.33,8137,3.44
3,2018,04,04,4,W36,경기도,양주시,13197900,3.11,7826,3.31
4,2018,04,05,5,W36,경기도,양주시,10587950,2.49,6087,2.57
5,2018,04,06,6,W36,경기도,양주시,13467500,3.17,7682,3.24
6,2018,04,07,7,W36,경기도,양주시,12917900,3.04,7139,3.01
7,2018,04,08,1,W36,경기도,양주시,14937800,3.52,7529,3.18
8,2018,04,09,2,W36,경기도,양주시,16728600,3.94,8991,3.8
9,2018,04,10,3,W36,경기도,양주시,12213850,2.87,6894,2.91
0,2018,04,01,1,W37,경기도,포천시,8157000,4.22,3907,3.79
1,2018,04,02,2,W37,경기도,포천시,7344350,3.8,3813,3.7
2,2018,04,03,3,W37,경기도,포천시,6150050,3.18,3496,3.39
3,2018,04,04,4,W37,경기도,포천시,6071900,3.14,3318,3.22
4,2018,04,05,5,W37,경기도,포천시,4617800,2.39,2598,2.52
5,2018,04,06,6,W37,경기도,포천시,5876950,3.04,3310,3.21
6,2018,04,07,7,W37,경기도,포천시,6364400,3.29,3196,3.1
7,2018,04,08,1,W37,경기도,포천시,6515550,3.37,3155,3.06
8,2018,04,09,2,W37,경기도,포천시,7670350,3.97,3913,3.8
9,2018,04,10,3,W37,경기도,포천시,5595850,2.89,2953,2.86
0,2018,04,01,1,W38,경기도,여주시,5650800,4.49,2372,4.19
1,2018,04,02,2,W38,경기도,여주시,4651950,3.69,2051,3.63
2,2018,04,03,3,W38,경기도,여주시,4318050,3.43,1935,3.42
3,2018,04,04,4,W38,경기도,여주시,3863950,3.07,1706,3.02
4,2018,04,05,5,W38,경기도,여주시,2940700,2.34,1370,2.42
5,2018,04,06,6,W38,경기도,여주시,3930250,3.12,1779,3.15
6,2018,04,07,7,W38,경기도,여주시,3995600,3.17,1738,3.07
7,2018,04,08,1,W38,경기도,여주시,4931750,3.92,2077,3.67
8,2018,04,09,2,W38,경기도,여주시,4914500,3.9,2110,3.73
9,2018,04,10,3,W38,경기도,여주시,3785400,3.01,1743,3.08
0,2018,04,01,1,W3C,강원도,춘천시,7361000,4.33,3752,4.22
1,2018,04,02,2,W3C,강원도,춘천시,6467650,3.81,3327,3.74
2,2018,04,03,3,W3C,강원도,춘천시,5528500,3.26,2934,3.3
3,2018,04,04,4,W3C,강원도,춘천시,4889250,2.88,2758,3.1
4,2018,04,05,5,W3C,강원도,춘천시,4151000,2.44,2181,2.45
5,2018,04,06,6,W3C,강원도,춘천시,5439300,3.2,2853,3.21
6,2018,04,07,7,W3C,강원도,춘천시,5079700,2.99,2644,2.97
7,2018,04,08,1,W3C,강원도,춘천시,6147650,3.62,2961,3.33
8,2018,04,09,2,W3C,강원도,춘천시,6815200,4.01,3409,3.83
9,2018,04,10,3,W3C,강원도,춘천시,5119350,3.01,2737,3.08
0,2018,04,01,1,W3D,강원도,원주시,32827850,4.17,18891,3.81
1,2018,04,02,2,W3D,강원도,원주시,30401750,3.86,18690,3.76
2,2018,04,03,3,W3D,강원도,원주시,26566800,3.37,16885,3.4
3,2018,04,04,4,W3D,강원도,원주시,22522400,2.86,14543,2.93
4,2018,04,05,5,W3D,강원도,원주시,19782300,2.51,12905,2.6
5,2018,04,06,6,W3D,강원도,원주시,24762250,3.14,15983,3.22
6,2018,04,07,7,W3D,강원도,원주시,23708850,3.01,14498,2.92
7,2018,04,08,1,W3D,강원도,원주시,29035900,3.69,16776,3.38
8,2018,04,09,2,W3D,강원도,원주시,29981150,3.81,18101,3.65
9,2018,04,10,3,W3D,강원도,원주시,24331750,3.09,15637,3.15
0,2018,04,01,1,W3E,강원도,강릉시,6262650,4.09,3631,3.86
1,2018,04,02,2,W3E,강원도,강릉시,5736050,3.75,3554,3.78
2,2018,04,03,3,W3E,강원도,강릉시,4921250,3.21,3179,3.38
3,2018,04,04,4,W3E,강원도,강릉시,3670300,2.4,2273,2.42
4,2018,04,05,5,W3E,강원도,강릉시,4221750,2.76,2642,2.81
5,2018,04,06,6,W3E,강원도,강릉시,4892050,3.2,2991,3.18
6,2018,04,07,7,W3E,강원도,강릉시,4665350,3.05,2701,2.87
7,2018,04,08,1,W3E,강원도,강릉시,6036450,3.94,3353,3.57
8,2018,04,09,2,W3E,강원도,강릉시,5800500,3.79,3392,3.61
9,2018,04,10,3,W3E,강원도,강릉시,4979450,3.25,3059,3.25
0,2018,04,01,1,W3F,강원도,동해시,6224600,0.9,3539,3.03
1,2018,04,02,2,W3F,강원도,동해시,35864000,5.2,4629,3.96
2,2018,04,03,3,W3F,강원도,동해시,33173800,4.81,4222,3.61
3,2018,04,04,4,W3F,강원도,동해시,16899600,2.45,2875,2.46
4,2018,04,05,5,W3F,강원도,동해시,21385750,3.1,3678,3.14
5,2018,04,06,6,W3F,강원도,동해시,25858250,3.75,4010,3.43
6,2018,04,07,7,W3F,강원도,동해시,16523050,2.4,3289,2.81
7,2018,04,08,1,W3F,강원도,동해시,6173850,0.9,3494,2.99
8,2018,04,09,2,W3F,강원도,동해시,35176650,5.1,4322,3.7
9,2018,04,10,3,W3F,강원도,동해시,31144700,4.52,3971,3.4
0,2018,04,01,1,W3I,강원도,삼척시,2612600,4.01,1481,3.68
1,2018,04,02,2,W3I,강원도,삼척시,2339450,3.59,1492,3.71
2,2018,04,03,3,W3I,강원도,삼척시,2131950,3.27,1360,3.38
3,2018,04,04,4,W3I,강원도,삼척시,1753000,2.69,995,2.47
4,2018,04,05,5,W3I,강원도,삼척시,2019350,3.1,1245,3.09
5,2018,04,06,6,W3I,강원도,삼척시,1984700,3.04,1274,3.17
6,2018,04,07,7,W3I,강원도,삼척시,2045500,3.14,1173,2.92
7,2018,04,08,1,W3I,강원도,삼척시,2324000,3.56,1392,3.46
8,2018,04,09,2,W3I,강원도,삼척시,2362900,3.62,1415,3.52
9,2018,04,10,3,W3I,강원도,삼척시,2033600,3.12,1298,3.23
0,2018,04,01,1,W3J,강원도,홍천군,3207650,4.25,1496,4.02
1,2018,04,02,2,W3J,강원도,홍천군,2530800,3.35,1319,3.54
2,2018,04,03,3,W3J,강원도,홍천군,2480400,3.29,1261,3.38
3,2018,04,04,4,W3J,강원도,홍천군,2093850,2.78,1116,3.0
4,2018,04,05,5,W3J,강원도,홍천군,1918100,2.54,947,2.54
5,2018,04,06,6,W3J,강원도,홍천군,2256600,2.99,1193,3.2
6,2018,04,07,7,W3J,강원도,홍천군,2372350,3.14,1145,3.07
7,2018,04,08,1,W3J,강원도,홍천군,2828000,3.75,1301,3.49
8,2018,04,09,2,W3J,강원도,홍천군,2611400,3.46,1271,3.41
9,2018,04,10,3,W3J,강원도,홍천군,2319500,3.07,1181,3.17
0,2018,04,01,1,W3K,강원도,횡성군,2440500,3.94,945,3.7
1,2018,04,02,2,W3K,강원도,횡성군,2394850,3.87,947,3.71
2,2018,04,03,3,W3K,강원도,횡성군,2196750,3.55,887,3.48
3,2018,04,04,4,W3K,강원도,횡성군,1699750,2.74,746,2.92
4,2018,04,05,5,W3K,강원도,횡성군,1602750,2.59,695,2.72
5,2018,04,06,6,W3K,강원도,횡성군,2022600,3.27,825,3.23
6,2018,04,07,7,W3K,강원도,횡성군,1753350,2.83,743,2.91
7,2018,04,08,1,W3K,강원도,횡성군,2123050,3.43,856,3.35
8,2018,04,09,2,W3K,강원도,횡성군,2264100,3.66,886,3.47
9,2018,04,10,3,W3K,강원도,횡성군,1882150,3.04,810,3.17
0,2018,04,01,1,W3S,강원도,고성군,172750,3.63,86,3.12
1,2018,04,02,2,W3S,강원도,고성군,167700,3.52,94,3.41
2,2018,04,03,3,W3S,강원도,고성군,158300,3.33,99,3.6
3,2018,04,04,4,W3S,강원도,고성군,127550,2.68,72,2.62
4,2018,04,05,5,W3S,강원도,고성군,155850,3.28,87,3.16
5,2018,04,06,6,W3S,강원도,고성군,143150,3.01,84,3.05
6,2018,04,07,7,W3S,강원도,고성군,145500,3.06,88,3.2
7,2018,04,08,1,W3S,강원도,고성군,182200,3.83,96,3.49
8,2018,04,09,2,W3S,강원도,고성군,170550,3.58,103,3.74
9,2018,04,10,3,W3S,강원도,고성군,137850,2.9,85,3.09
0,2018,04,01,1,W3U,충청북도,청주시,45222300,4.05,25061,3.68
1,2018,04,02,2,W3U,충청북도,청주시,43729250,3.92,25615,3.76
2,2018,04,03,3,W3U,충청북도,청주시,36753800,3.29,22951,3.37
3,2018,04,04,4,W3U,충청북도,청주시,31223750,2.8,19813,2.91
4,2018,04,05,5,W3U,충청북도,청주시,28476850,2.55,18122,2.66
5,2018,04,06,6,W3U,충청북도,청주시,34894600,3.13,21939,3.22
6,2018,04,07,7,W3U,충청북도,청주시,33838350,3.03,20120,2.95
7,2018,04,08,1,W3U,충청북도,청주시,45230050,4.05,24711,3.63
8,2018,04,09,2,W3U,충청북도,청주시,42298050,3.79,24902,3.66
9,2018,04,10,3,W3U,충청북도,청주시,34658700,3.11,21680,3.18
0,2018,04,01,1,W4C,충청남도,서산시,498400,4.01,241,3.91
1,2018,04,02,2,W4C,충청남도,서산시,542250,4.37,268,4.34
2,2018,04,03,3,W4C,충청남도,서산시,374350,3.01,192,3.11
3,2018,04,04,4,W4C,충청남도,서산시,356550,2.87,197,3.19
4,2018,04,05,5,W4C,충청남도,서산시,277050,2.23,152,2.46
5,2018,04,06,6,W4C,충청남도,서산시,369500,2.97,209,3.39
6,2018,04,07,7,W4C,충청남도,서산시,408700,3.29,198,3.21
7,2018,04,08,1,W4C,충청남도,서산시,524250,4.22,219,3.55
8,2018,04,09,2,W4C,충청남도,서산시,492050,3.96,226,3.66
9,2018,04,10,3,W4C,충청남도,서산시,339900,2.74,175,2.84
0,2018,04,01,1,W4Q,전라북도,군산시,22562700,3.89,11927,3.59
1,2018,04,02,2,W4Q,전라북도,군산시,23835050,4.11,12871,3.88
2,2018,04,03,3,W4Q,전라북도,군산시,20986000,3.62,12027,3.62
3,2018,04,04,4,W4Q,전라북도,군산시,17106050,2.95,10217,3.08
4,2018,04,05,5,W4Q,전라북도,군산시,14550750,2.51,8631,2.6
5,2018,04,06,6,W4Q,전라북도,군산시,18478850,3.19,10872,3.28
6,2018,04,07,7,W4Q,전라북도,군산시,17903950,3.09,9963,3.0
7,2018,04,08,1,W4Q,전라북도,군산시,21960200,3.79,11270,3.4
8,2018,04,09,2,W4Q,전라북도,군산시,22782550,3.93,12405,3.74
9,2018,04,10,3,W4Q,전라북도,군산시,18751600,3.24,10740,3.24
0,2018,04,01,1,W4R,전라북도,익산시,60987100,2.04,15858,3.41
1,2018,04,02,2,W4R,전라북도,익산시,153543050,5.12,18091,3.89
2,2018,04,03,3,W4R,전라북도,익산시,120324150,4.02,16362,3.51
3,2018,04,04,4,W4R,전라북도,익산시,105148000,3.51,14431,3.1
4,2018,04,05,5,W4R,전라북도,익산시,84658500,2.83,12480,2.68
5,2018,04,06,6,W4R,전라북도,익산시,107102200,3.57,15626,3.36
6,2018,04,07,7,W4R,전라북도,익산시,80547000,2.69,13992,3.01
7,2018,04,08,1,W4R,전라북도,익산시,55160100,1.84,14748,3.17
8,2018,04,09,2,W4R,전라북도,익산시,145688400,4.86,17765,3.82
9,2018,04,10,3,W4R,전라북도,익산시,115987650,3.87,15200,3.26
0,2018,04,01,1,W4S,전라북도,정읍시,8444450,1.43,3758,3.51
1,2018,04,02,2,W4S,전라북도,정읍시,25012550,4.23,4036,3.77
2,2018,04,03,3,W4S,전라북도,정읍시,27914450,4.72,3847,3.59
3,2018,04,04,4,W4S,전라북도,정읍시,20263000,3.43,3133,2.92
4,2018,04,05,5,W4S,전라북도,정읍시,20053400,3.39,3111,2.9
5,2018,04,06,6,W4S,전라북도,정읍시,24139500,4.08,3509,3.27
6,2018,04,07,7,W4S,전라북도,정읍시,16176250,2.74,3106,2.9
7,2018,04,08,1,W4S,전라북도,정읍시,7859150,1.33,3546,3.31
8,2018,04,09,2,W4S,전라북도,정읍시,25985050,4.39,4087,3.81
9,2018,04,10,3,W4S,전라북도,정읍시,25686850,4.34,3754,3.5
0,2018,04,02,2,W4W,전라북도,진안군,2361000,11.21,33,8.71
1,2018,04,05,5,W4W,전라북도,진안군,2722000,12.92,61,16.09
2,2018,04,09,2,W4W,전라북도,진안군,1747500,8.29,28,7.39
3,2018,04,12,5,W4W,전라북도,진안군,2681000,12.73,49,12.93
4,2018,04,16,2,W4W,전라북도,진안군,1985000,9.42,29,7.65
5,2018,04,19,5,W4W,전라북도,진안군,2803000,13.3,56,14.78
6,2018,04,23,2,W4W,전라북도,진안군,1811000,8.6,32,8.44
7,2018,04,26,5,W4W,전라북도,진안군,2795000,13.27,56,14.78
8,2018,04,30,2,W4W,전라북도,진안군,2162500,10.26,35,9.23
0,2018,04,01,1,W4Z,전라북도,임실군,647000,4.02,236,3.74
1,2018,04,02,2,W4Z,전라북도,임실군,523850,3.25,216,3.42
2,2018,04,03,3,W4Z,전라북도,임실군,668350,4.15,237,3.75
3,2018,04,04,4,W4Z,전라북도,임실군,406500,2.52,164,2.6
4,2018,04,05,5,W4Z,전라북도,임실군,401100,2.49,181,2.87
5,2018,04,06,6,W4Z,전라북도,임실군,511200,3.17,205,3.25
6,2018,04,07,7,W4Z,전라북도,임실군,533300,3.31,174,2.76
7,2018,04,08,1,W4Z,전라북도,임실군,467250,2.9,179,2.83
8,2018,04,09,2,W4Z,전라북도,임실군,625900,3.89,238,3.77
9,2018,04,10,3,W4Z,전라북도,임실군,519150,3.22,208,3.29
0,2018,04,01,1,W50,전라북도,순창군,278350,4.27,134,3.89
1,2018,04,02,2,W50,전라북도,순창군,198050,3.04,115,3.34
2,2018,04,03,3,W50,전라북도,순창군,151200,2.32,93,2.7
3,2018,04,04,4,W50,전라북도,순창군,189100,2.9,114,3.31
4,2018,04,05,5,W50,전라북도,순창군,159950,2.45,94,2.73
5,2018,04,06,6,W50,전라북도,순창군,226500,3.47,123,3.57
6,2018,04,07,7,W50,전라북도,순창군,177000,2.71,86,2.49
7,2018,04,08,1,W50,전라북도,순창군,284750,4.37,130,3.77
8,2018,04,09,2,W50,전라북도,순창군,282050,4.32,135,3.92
9,2018,04,10,3,W50,전라북도,순창군,186350,2.86,102,2.96
0,2018,04,01,1,W51,전라북도,고창군,2848100,4.73,978,4.12
1,2018,04,02,2,W51,전라북도,고창군,2191350,3.64,837,3.53
2,2018,04,03,3,W51,전라북도,고창군,2080450,3.46,786,3.31
3,2018,04,04,4,W51,전라북도,고창군,1602800,2.66,677,2.85
4,2018,04,05,5,W51,전라북도,고창군,1551750,2.58,614,2.59
5,2018,04,06,6,W51,전라북도,고창군,1704100,2.83,711,3.0
6,2018,04,07,7,W51,전라북도,고창군,1952200,3.24,741,3.12
7,2018,04,08,1,W51,전라북도,고창군,2579200,4.28,975,4.11
8,2018,04,09,2,W51,전라북도,고창군,2330900,3.87,896,3.78
9,2018,04,10,3,W51,전라북도,고창군,1792350,2.98,710,2.99
0,2018,04,01,1,W52,전라북도,부안군,2189450,4.28,862,3.97
1,2018,04,02,2,W52,전라북도,부안군,2110500,4.12,840,3.86
2,2018,04,03,3,W52,전라북도,부안군,1778050,3.47,755,3.47
3,2018,04,04,4,W52,전라북도,부안군,1487050,2.9,646,2.97
4,2018,04,05,5,W52,전라북도,부안군,1025550,2.0,473,2.18
5,2018,04,06,6,W52,전라북도,부안군,1440700,2.81,649,2.99
6,2018,04,07,7,W52,전라북도,부안군,1824650,3.56,685,3.15
7,2018,04,08,1,W52,전라북도,부안군,1967950,3.84,692,3.18
8,2018,04,09,2,W52,전라북도,부안군,2116750,4.13,848,3.9
9,2018,04,10,3,W52,전라북도,부안군,1403300,2.74,638,2.94
0,2018,04,01,1,W55,전라남도,순천시,11274000,3.78,5658,3.55
1,2018,04,02,2,W55,전라남도,순천시,11216900,3.76,5869,3.68
2,2018,04,03,3,W55,전라남도,순천시,9822700,3.29,5421,3.4
3,2018,04,04,4,W55,전라남도,순천시,7726500,2.59,4276,2.68
4,2018,04,05,5,W55,전라남도,순천시,9112300,3.05,4998,3.13
5,2018,04,06,6,W55,전라남도,순천시,9118600,3.06,4991,3.13
6,2018,04,07,7,W55,전라남도,순천시,8914550,2.99,4736,2.97
7,2018,04,08,1,W55,전라남도,순천시,11957900,4.01,5855,3.67
8,2018,04,09,2,W55,전라남도,순천시,11241200,3.77,5774,3.62
9,2018,04,10,3,W55,전라남도,순천시,9279000,3.11,5087,3.19
0,2018,04,01,1,W56,전라남도,나주시,578000,3.72,274,3.45
1,2018,04,02,2,W56,전라남도,나주시,523750,3.37,256,3.22
2,2018,04,03,3,W56,전라남도,나주시,463300,2.99,250,3.15
3,2018,04,04,4,W56,전라남도,나주시,422150,2.72,233,2.93
4,2018,04,05,5,W56,전라남도,나주시,511300,3.29,251,3.16
5,2018,04,06,6,W56,전라남도,나주시,404350,2.61,219,2.76
6,2018,04,07,7,W56,전라남도,나주시,437600,2.82,226,2.84
7,2018,04,08,1,W56,전라남도,나주시,634100,4.09,308,3.88
8,2018,04,09,2,W56,전라남도,나주시,535000,3.45,270,3.4
9,2018,04,10,3,W56,전라남도,나주시,447250,2.88,251,3.16
0,2018,04,01,1,W5I,전라남도,무안군,81800,1.47,33,1.22
1,2018,04,02,2,W5I,전라남도,무안군,267450,4.82,102,3.76
2,2018,04,03,3,W5I,전라남도,무안군,183250,3.3,96,3.54
3,2018,04,04,4,W5I,전라남도,무안군,202600,3.65,92,3.39
4,2018,04,05,5,W5I,전라남도,무안군,155800,2.81,75,2.76
5,2018,04,06,6,W5I,전라남도,무안군,190800,3.44,91,3.35
6,2018,04,07,7,W5I,전라남도,무안군,207050,3.73,99,3.65
7,2018,04,08,1,W5I,전라남도,무안군,107950,1.94,50,1.84
8,2018,04,09,2,W5I,전라남도,무안군,278550,5.02,124,4.57
9,2018,04,10,3,W5I,전라남도,무안군,193900,3.49,110,4.05
0,2018,04,01,1,W5P,경상북도,포항시,29723500,3.8,14414,3.55
1,2018,04,02,2,W5P,경상북도,포항시,29715800,3.79,15316,3.78
2,2018,04,03,3,W5P,경상북도,포항시,28171400,3.6,14621,3.61
3,2018,04,04,4,W5P,경상북도,포항시,20387300,2.6,10811,2.67
4,2018,04,05,5,W5P,경상북도,포항시,21846200,2.79,11748,2.9
5,2018,04,06,6,W5P,경상북도,포항시,23064850,2.95,12401,3.06
6,2018,04,07,7,W5P,경상북도,포항시,23335650,2.98,11641,2.87
7,2018,04,08,1,W5P,경상북도,포항시,29473800,3.76,13934,3.44
8,2018,04,09,2,W5P,경상북도,포항시,29884450,3.82,14905,3.68
9,2018,04,10,3,W5P,경상북도,포항시,26176350,3.34,13631,3.36
0,2018,04,01,1,W5S,경상북도,김천시,10615600,4.02,5381,3.69
1,2018,04,02,2,W5S,경상북도,김천시,9951070,3.77,5388,3.69
2,2018,04,03,3,W5S,경상북도,김천시,8840150,3.35,4992,3.42
3,2018,04,04,4,W5S,경상북도,김천시,6955950,2.63,3869,2.65
4,2018,04,05,5,W5S,경상북도,김천시,6962250,2.64,3941,2.7
5,2018,04,06,6,W5S,경상북도,김천시,8320900,3.15,4707,3.23
6,2018,04,07,7,W5S,경상북도,김천시,8094400,3.07,4279,2.93
7,2018,04,08,1,W5S,경상북도,김천시,10817300,4.1,5439,3.73
8,2018,04,09,2,W5S,경상북도,김천시,10431650,3.95,5388,3.69
9,2018,04,10,3,W5S,경상북도,김천시,8647900,3.28,4824,3.31
0,2018,04,01,1,W5T,경상북도,안동시,12446050,4.11,5978,3.72
1,2018,04,02,2,W5T,경상북도,안동시,11894700,3.92,6075,3.78
2,2018,04,03,3,W5T,경상북도,안동시,10248750,3.38,5534,3.45
3,2018,04,04,4,W5T,경상북도,안동시,7930500,2.62,4297,2.68
4,2018,04,05,5,W5T,경상북도,안동시,7866300,2.59,4290,2.67
5,2018,04,06,6,W5T,경상북도,안동시,9591650,3.16,5115,3.19
6,2018,04,07,7,W5T,경상북도,안동시,8924650,2.94,4640,2.89
7,2018,04,08,1,W5T,경상북도,안동시,11771800,3.88,5741,3.58
8,2018,04,09,2,W5T,경상북도,안동시,11417100,3.77,5929,3.69
9,2018,04,10,3,W5T,경상북도,안동시,9591350,3.16,5050,3.15
0,2018,04,01,1,W5U,경상북도,구미시,43339100,3.99,22018,3.67
1,2018,04,02,2,W5U,경상북도,구미시,42684800,3.93,22781,3.8
2,2018,04,03,3,W5U,경상북도,구미시,36532350,3.36,20345,3.39
3,2018,04,04,4,W5U,경상북도,구미시,28724700,2.64,16110,2.69
4,2018,04,05,5,W5U,경상북도,구미시,28698400,2.64,16290,2.72
5,2018,04,06,6,W5U,경상북도,구미시,34221750,3.15,19071,3.18
6,2018,04,07,7,W5U,경상북도,구미시,32881850,3.03,17503,2.92
7,2018,04,08,1,W5U,경상북도,구미시,43712500,4.02,21746,3.63
8,2018,04,09,2,W5U,경상북도,구미시,43064800,3.96,22621,3.77
9,2018,04,10,3,W5U,경상북도,구미시,33460100,3.08,18745,3.13
0,2018,04,01,1,W5V,경상북도,영주시,2822550,3.99,1410,3.65
1,2018,04,02,2,W5V,경상북도,영주시,2679600,3.78,1439,3.72
2,2018,04,03,3,W5V,경상북도,영주시,2530700,3.57,1426,3.69
3,2018,04,04,4,W5V,경상북도,영주시,1852150,2.62,1000,2.59
4,2018,04,05,5,W5V,경상북도,영주시,1810550,2.56,979,2.53
5,2018,04,06,6,W5V,경상북도,영주시,2338800,3.3,1222,3.16
6,2018,04,07,7,W5V,경상북도,영주시,1873550,2.65,1045,2.7
7,2018,04,08,1,W5V,경상북도,영주시,2849350,4.02,1416,3.66
8,2018,04,09,2,W5V,경상북도,영주시,2668600,3.77,1411,3.65
9,2018,04,10,3,W5V,경상북도,영주시,2251900,3.18,1246,3.22
0,2018,04,01,1,W5X,경상북도,상주시,3582250,3.88,1634,3.75
1,2018,04,02,2,W5X,경상북도,상주시,3357100,3.64,1587,3.64
2,2018,04,03,3,W5X,경상북도,상주시,3216750,3.49,1519,3.49
3,2018,04,04,4,W5X,경상북도,상주시,2478900,2.69,1134,2.6
4,2018,04,05,5,W5X,경상북도,상주시,2098300,2.27,994,2.28
5,2018,04,06,6,W5X,경상북도,상주시,2950800,3.2,1419,3.26
6,2018,04,07,7,W5X,경상북도,상주시,2917650,3.16,1289,2.96
7,2018,04,08,1,W5X,경상북도,상주시,3917100,4.24,1686,3.87
8,2018,04,09,2,W5X,경상북도,상주시,3604900,3.91,1629,3.74
9,2018,04,10,3,W5X,경상북도,상주시,2798600,3.03,1392,3.2
0,2018,04,01,1,W5Z,경상북도,경산시,14344300,3.78,7864,3.5
1,2018,04,02,2,W5Z,경상북도,경산시,14121400,3.72,8237,3.67
2,2018,04,03,3,W5Z,경상북도,경산시,13412200,3.53,8031,3.58
3,2018,04,04,4,W5Z,경상북도,경산시,9965500,2.63,6103,2.72
4,2018,04,05,5,W5Z,경상북도,경산시,11140950,2.94,6716,2.99
5,2018,04,06,6,W5Z,경상북도,경산시,11476450,3.02,6842,3.05
6,2018,04,07,7,W5Z,경상북도,경산시,12030250,3.17,6849,3.05
7,2018,04,08,1,W5Z,경상북도,경산시,14406000,3.8,7788,3.47
8,2018,04,09,2,W5Z,경상북도,경산시,14122400,3.72,8046,3.58
9,2018,04,10,3,W5Z,경상북도,경산시,12065150,3.18,7261,3.23
0,2018,04,01,1,W69,경상북도,예천군,1878900,4.43,846,4.17
1,2018,04,02,2,W69,경상북도,예천군,1429100,3.37,697,3.44
2,2018,04,03,3,W69,경상북도,예천군,1457250,3.44,710,3.5
3,2018,04,04,4,W69,경상북도,예천군,1102650,2.6,539,2.66
4,2018,04,05,5,W69,경상북도,예천군,971000,2.29,484,2.39
5,2018,04,06,6,W69,경상북도,예천군,1306100,3.08,638,3.15
6,2018,04,07,7,W69,경상북도,예천군,1491100,3.52,674,3.32
7,2018,04,08,1,W69,경상북도,예천군,1889500,4.46,831,4.1
8,2018,04,09,2,W69,경상북도,예천군,1425900,3.36,669,3.3
9,2018,04,10,3,W69,경상북도,예천군,1337600,3.15,621,3.06
0,2018,04,01,1,W6B,경상북도,울진군,4359600,3.59,2217,3.61
1,2018,04,02,2,W6B,경상북도,울진군,4652550,3.83,2270,3.69
2,2018,04,03,3,W6B,경상북도,울진군,4202050,3.46,2232,3.63
3,2018,04,04,4,W6B,경상북도,울진군,2618000,2.16,1319,2.15
4,2018,04,05,5,W6B,경상북도,울진군,3385600,2.79,1725,2.81
5,2018,04,06,6,W6B,경상북도,울진군,4351850,3.58,2057,3.35
6,2018,04,07,7,W6B,경상북도,울진군,3960300,3.26,1908,3.1
7,2018,04,08,1,W6B,경상북도,울진군,4478550,3.69,2141,3.48
8,2018,04,09,2,W6B,경상북도,울진군,4352450,3.58,2172,3.53
9,2018,04,10,3,W6B,경상북도,울진군,3747850,3.09,1939,3.16
0,2018,04,01,1,W6C,경상북도,울릉군,46200,3.04,18,2.92
1,2018,04,02,2,W6C,경상북도,울릉군,46450,3.06,16,2.6
2,2018,04,03,3,W6C,경상북도,울릉군,61650,4.06,26,4.22
3,2018,04,04,4,W6C,경상북도,울릉군,41150,2.71,17,2.76
4,2018,04,05,5,W6C,경상북도,울릉군,30400,2.0,17,2.76
5,2018,04,06,6,W6C,경상북도,울릉군,31750,2.09,14,2.27
6,2018,04,07,7,W6C,경상북도,울릉군,32450,2.14,14,2.27
7,2018,04,08,1,W6C,경상북도,울릉군,49100,3.23,17,2.76
8,2018,04,09,2,W6C,경상북도,울릉군,35750,2.36,15,2.44
9,2018,04,10,3,W6C,경상북도,울릉군,65850,4.34,27,4.38
0,2018,04,01,1,W6F,경상남도,진주시,23156400,4.0,11910,3.72
1,2018,04,02,2,W6F,경상남도,진주시,20999000,3.63,11402,3.56
2,2018,04,03,3,W6F,경상남도,진주시,19050200,3.29,10775,3.37
3,2018,04,04,4,W6F,경상남도,진주시,14610673,2.52,8460,2.64
4,2018,04,05,5,W6F,경상남도,진주시,17606200,3.04,9897,3.09
5,2018,04,06,6,W6F,경상남도,진주시,18125200,3.13,10230,3.2
6,2018,04,07,7,W6F,경상남도,진주시,17548400,3.03,9423,2.94
7,2018,04,08,1,W6F,경상남도,진주시,23382100,4.04,11705,3.66
8,2018,04,09,2,W6F,경상남도,진주시,21304400,3.68,11457,3.58
9,2018,04,10,3,W6F,경상남도,진주시,17636100,3.04,10095,3.15
0,2018,04,01,1,W6H,경상남도,통영시,1585850,3.99,752,3.72
1,2018,04,02,2,W6H,경상남도,통영시,1491250,3.75,711,3.52
2,2018,04,03,3,W6H,경상남도,통영시,1568300,3.94,767,3.8
3,2018,04,04,4,W6H,경상남도,통영시,956600,2.4,531,2.63
4,2018,04,05,5,W6H,경상남도,통영시,1340450,3.37,686,3.4
5,2018,04,06,6,W6H,경상남도,통영시,1073950,2.7,563,2.79
6,2018,04,07,7,W6H,경상남도,통영시,1261400,3.17,607,3.01
7,2018,04,08,1,W6H,경상남도,통영시,1478100,3.71,699,3.46
8,2018,04,09,2,W6H,경상남도,통영시,1473450,3.7,730,3.62
9,2018,04,10,3,W6H,경상남도,통영시,1307800,3.29,687,3.4
0,2018,04,01,1,W6J,경상남도,김해시,56733550,3.99,31741,3.64
1,2018,04,02,2,W6J,경상남도,김해시,53220950,3.74,31569,3.62
2,2018,04,03,3,W6J,경상남도,김해시,48751800,3.42,30514,3.5
3,2018,04,04,4,W6J,경상남도,김해시,38772150,2.72,24973,2.87
4,2018,04,05,5,W6J,경상남도,김해시,44684900,3.14,28325,3.25
5,2018,04,06,6,W6J,경상남도,김해시,40210200,2.82,25362,2.91
6,2018,04,07,7,W6J,경상남도,김해시,41930550,2.95,25028,2.87
7,2018,04,08,1,W6J,경상남도,김해시,55972750,3.93,30570,3.51
8,2018,04,09,2,W6J,경상남도,김해시,54067350,3.8,31784,3.65
9,2018,04,10,3,W6J,경상남도,김해시,45296650,3.18,28206,3.24
0,2018,04,01,1,W6L,경상남도,거제시,1039650,4.16,541,3.82
1,2018,04,02,2,W6L,경상남도,거제시,881400,3.53,501,3.54
2,2018,04,03,3,W6L,경상남도,거제시,859050,3.44,517,3.66
3,2018,04,04,4,W6L,경상남도,거제시,585550,2.34,365,2.58
4,2018,04,05,5,W6L,경상남도,거제시,787500,3.15,462,3.27
5,2018,04,06,6,W6L,경상남도,거제시,791300,3.17,472,3.34
6,2018,04,07,7,W6L,경상남도,거제시,693900,2.78,386,2.73
7,2018,04,08,1,W6L,경상남도,거제시,1020800,4.08,517,3.66
8,2018,04,09,2,W6L,경상남도,거제시,967850,3.87,495,3.5
9,2018,04,10,3,W6L,경상남도,거제시,836450,3.35,481,3.4
0,2018,04,01,1,W6M,경상남도,양산시,9016200,3.72,5187,3.5
1,2018,04,02,2,W6M,경상남도,양산시,8747650,3.61,5178,3.5
2,2018,04,03,3,W6M,경상남도,양산시,7965100,3.28,4917,3.32
3,2018,04,04,4,W6M,경상남도,양산시,5811050,2.4,3693,2.49
4,2018,04,05,5,W6M,경상남도,양산시,7405000,3.05,4792,3.24
5,2018,04,06,6,W6M,경상남도,양산시,6849800,2.82,4255,2.87
6,2018,04,07,7,W6M,경상남도,양산시,7509500,3.1,4522,3.05
7,2018,04,08,1,W6M,경상남도,양산시,9797800,4.04,5496,3.71
8,2018,04,09,2,W6M,경상남도,양산시,8925050,3.68,5361,3.62
9,2018,04,10,3,W6M,경상남도,양산시,7562750,3.12,4668,3.15
0,2018,04,01,1,W6N,경상남도,의령군,68500,2.83,35,3.01
1,2018,04,02,2,W6N,경상남도,의령군,76550,3.16,40,3.44
2,2018,04,03,3,W6N,경상남도,의령군,79900,3.3,38,3.27
3,2018,04,04,4,W6N,경상남도,의령군,96850,4.0,38,3.27
4,2018,04,05,5,W6N,경상남도,의령군,66150,2.73,33,2.84
5,2018,04,06,6,W6N,경상남도,의령군,82950,3.42,37,3.18
6,2018,04,07,7,W6N,경상남도,의령군,55450,2.29,28,2.41
7,2018,04,08,1,W6N,경상남도,의령군,120350,4.97,52,4.48
8,2018,04,09,2,W6N,경상남도,의령군,68000,2.81,40,3.44
9,2018,04,10,3,W6N,경상남도,의령군,97550,4.03,38,3.27
0,2018,04,01,1,W6P,경상남도,창녕군,3426000,3.38,1351,3.2
1,2018,04,02,2,W6P,경상남도,창녕군,3493600,3.45,1474,3.49
2,2018,04,03,3,W6P,경상남도,창녕군,3280350,3.24,1438,3.4
3,2018,04,04,4,W6P,경상남도,창녕군,2656000,2.62,1146,2.71
4,2018,04,05,5,W6P,경상남도,창녕군,2728200,2.69,1161,2.75
5,2018,04,06,6,W6P,경상남도,창녕군,2405000,2.38,1060,2.51
6,2018,04,07,7,W6P,경상남도,창녕군,2846400,2.81,1030,2.44
7,2018,04,08,1,W6P,경상남도,창녕군,3150750,3.11,1218,2.88
8,2018,04,09,2,W6P,경상남도,창녕군,3658250,3.61,1459,3.45
9,2018,04,10,3,W6P,경상남도,창녕군,2975700,2.94,1253,2.96
0,2018,04,01,1,W6Q,경상남도,고성군,272850,3.67,122,3.62
1,2018,04,02,2,W6Q,경상남도,고성군,277850,3.74,113,3.36
2,2018,04,03,3,W6Q,경상남도,고성군,199000,2.68,98,2.91
3,2018,04,04,4,W6Q,경상남도,고성군,149500,2.01,69,2.05
4,2018,04,05,5,W6Q,경상남도,고성군,182850,2.46,96,2.85
5,2018,04,06,6,W6Q,경상남도,고성군,182050,2.45,84,2.49
6,2018,04,07,7,W6Q,경상남도,고성군,176600,2.38,83,2.47
7,2018,04,08,1,W6Q,경상남도,고성군,294350,3.96,119,3.53
8,2018,04,09,2,W6Q,경상남도,고성군,334500,4.5,121,3.59
9,2018,04,10,3,W6Q,경상남도,고성군,192500,2.59,96,2.85
0,2018,04,01,1,W6X,제주특별자치도,제주시,68268200,4.12,29578,3.92
1,2018,04,02,2,W6X,제주특별자치도,제주시,61844300,3.73,27115,3.6
2,2018,04,03,3,W6X,제주특별자치도,제주시,58716800,3.54,26498,3.51
3,2018,04,04,4,W6X,제주특별자치도,제주시,53332500,3.22,24368,3.23
4,2018,04,05,5,W6X,제주특별자치도,제주시,57034450,3.44,26025,3.45
5,2018,04,06,6,W6X,제주특별자치도,제주시,44995900,2.71,20310,2.69
6,2018,04,07,7,W6X,제주특별자치도,제주시,48171450,2.91,20970,2.78
7,2018,04,08,1,W6X,제주특별자치도,제주시,63670800,3.84,27788,3.68
8,2018,04,09,2,W6X,제주특별자치도,제주시,61364200,3.7,27112,3.59
9,2018,04,10,3,W6X,제주특별자치도,제주시,55153750,3.33,25190,3.34
0,2018,04,01,1,W6Y,제주특별자치도,서귀포시,22265400,3.67,7093,3.69
1,2018,04,02,2,W6Y,제주특별자치도,서귀포시,23526300,3.88,7350,3.82
2,2018,04,03,3,W6Y,제주특별자치도,서귀포시,21967400,3.62,6971,3.62
3,2018,04,04,4,W6Y,제주특별자치도,서귀포시,21228750,3.5,6682,3.47
4,2018,04,05,5,W6Y,제주특별자치도,서귀포시,18882300,3.11,5808,3.02
5,2018,04,06,6,W6Y,제주특별자치도,서귀포시,20188650,3.33,6195,3.22
6,2018,04,07,7,W6Y,제주특별자치도,서귀포시,18875100,3.11,5616,2.92
7,2018,04,08,1,W6Y,제주특별자치도,서귀포시,22396600,3.69,6969,3.62
8,2018,04,09,2,W6Y,제주특별자치도,서귀포시,21925050,3.62,6941,3.61
9,2018,04,10,3,W6Y,제주특별자치도,서귀포시,21143700,3.49,6773,3.52
0,2018,04,01,1,W6Z,서울특별시,송파구,59806600,4.01,37493,3.73
1,2018,04,02,2,W6Z,서울특별시,송파구,59125150,3.96,38468,3.83
2,2018,04,03,3,W6Z,서울특별시,송파구,48360300,3.24,33680,3.35
3,2018,04,04,4,W6Z,서울특별시,송파구,46355600,3.11,32667,3.25
4,2018,04,05,5,W6Z,서울특별시,송파구,41267200,2.77,28628,2.85
5,2018,04,06,6,W6Z,서울특별시,송파구,45807250,3.07,31898,3.17
6,2018,04,07,7,W6Z,서울특별시,송파구,44407250,2.98,28720,2.86
7,2018,04,08,1,W6Z,서울특별시,송파구,52764000,3.54,32364,3.22
8,2018,04,09,2,W6Z,서울특별시,송파구,60290750,4.04,38403,3.82
9,2018,04,10,3,W6Z,서울특별시,송파구,43634300,2.92,29959,2.98
